onnx_file,vnnlib_file,abcrown_bound_width,luna_bound_width,abcrown_runtime,luna_runtime
ACASXU_run2a_1_1_batch_2000.onnx,prop_1.vnnlib,274.638100,279.921997,6.1300,1.5800
ACASXU_run2a_1_1_batch_2000.onnx,prop_2.vnnlib,273.942858,278.761291,6.1300,1.6800
ACASXU_run2a_1_1_batch_2000.onnx,prop_3.vnnlib,0.633031,0.628966,6.5500,1.6700
ACASXU_run2a_1_1_batch_2000.onnx,prop_4.vnnlib,0.195853,0.194782,6.5600,1.7400
ACASXU_run2a_1_1_batch_2000.onnx,prop_5.vnnlib,23.585901,23.892160,6.6900,1.7300
ACASXU_run2a_1_2_batch_2000.onnx,prop_1.vnnlib,324.116302,328.104721,6.6400,1.5800
ACASXU_run2a_1_2_batch_2000.onnx,prop_2.vnnlib,232.585468,232.666754,6.5900,1.7400
ACASXU_run2a_1_2_batch_2000.onnx,prop_3.vnnlib,0.364535,0.377541,6.2500,1.6900
ACASXU_run2a_1_2_batch_2000.onnx,prop_4.vnnlib,0.212607,0.214712,6.0800,1.8100
ACASXU_run2a_1_3_batch_2000.onnx,prop_1.vnnlib,3461.121460,3473.673217,6.1800,1.6600
ACASXU_run2a_1_3_batch_2000.onnx,prop_2.vnnlib,2255.878288,2281.150459,6.1800,1.6900
ACASXU_run2a_1_3_batch_2000.onnx,prop_3.vnnlib,0.661859,0.680613,6.5800,1.6000
ACASXU_run2a_1_3_batch_2000.onnx,prop_4.vnnlib,0.293078,0.297054,6.6800,1.7000
ACASXU_run2a_1_4_batch_2000.onnx,prop_1.vnnlib,266.128334,269.219223,6.5900,1.4800
ACASXU_run2a_1_4_batch_2000.onnx,prop_2.vnnlib,186.168665,186.985442,6.5900,1.7100
ACASXU_run2a_1_4_batch_2000.onnx,prop_3.vnnlib,0.011787,0.010791,5.5700,1.7300
ACASXU_run2a_1_4_batch_2000.onnx,prop_4.vnnlib,0.059411,0.059356,6.0600,1.6500
ACASXU_run2a_1_5_batch_2000.onnx,prop_1.vnnlib,130.252140,131.533893,6.2500,1.6400
ACASXU_run2a_1_5_batch_2000.onnx,prop_2.vnnlib,88.900776,88.796435,6.1900,1.6400
ACASXU_run2a_1_5_batch_2000.onnx,prop_3.vnnlib,0.013655,0.008302,6.1000,1.6900
ACASXU_run2a_1_5_batch_2000.onnx,prop_4.vnnlib,0.040833,0.040693,6.7300,1.7900
ACASXU_run2a_1_6_batch_2000.onnx,prop_1.vnnlib,78.011091,78.409029,6.7000,1.6800
ACASXU_run2a_1_6_batch_2000.onnx,prop_2.vnnlib,111.994801,112.836253,6.6600,1.7400
ACASXU_run2a_1_6_batch_2000.onnx,prop_3.vnnlib,0.004567,0.002264,4.8600,1.7000
ACASXU_run2a_1_6_batch_2000.onnx,prop_4.vnnlib,0.014738,0.014755,6.1000,1.6800
ACASXU_run2a_1_7_batch_2000.onnx,prop_1.vnnlib,45.666413,46.446424,6.1900,1.5600
ACASXU_run2a_1_7_batch_2000.onnx,prop_2.vnnlib,87.881158,88.306270,6.1000,1.8300
ACASXU_run2a_1_7_batch_2000.onnx,prop_3.vnnlib,0.000672,0.000490,5.8300,1.3400
ACASXU_run2a_1_7_batch_2000.onnx,prop_4.vnnlib,0.006484,0.002723,6.0000,1.7300
ACASXU_run2a_1_8_batch_2000.onnx,prop_1.vnnlib,29.083447,29.366744,6.5500,1.6800
ACASXU_run2a_1_8_batch_2000.onnx,prop_2.vnnlib,85.617589,85.827720,6.6300,1.7100
ACASXU_run2a_1_8_batch_2000.onnx,prop_3.vnnlib,0.000621,0.000508,5.4800,1.6100
ACASXU_run2a_1_8_batch_2000.onnx,prop_4.vnnlib,0.001952,0.001011,5.4800,1.7400
ACASXU_run2a_1_9_batch_2000.onnx,prop_1.vnnlib,17.786739,17.772421,6.1300,1.6300
ACASXU_run2a_1_9_batch_2000.onnx,prop_2.vnnlib,40.029829,40.315511,7.0900,1.6800
ACASXU_run2a_1_9_batch_2000.onnx,prop_3.vnnlib,0.000357,0.000258,5.9700,1.6400
ACASXU_run2a_1_9_batch_2000.onnx,prop_4.vnnlib,0.000913,0.000724,6.0500,1.5400
ACASXU_run2a_1_9_batch_2000.onnx,prop_7.vnnlib,104.680199,105.443427,6.5700,1.6400
ACASXU_run2a_2_1_batch_2000.onnx,prop_1.vnnlib,421.855965,421.751739,6.5800,1.6800
ACASXU_run2a_2_1_batch_2000.onnx,prop_2.vnnlib,368.521046,363.882340,6.1800,1.6600
ACASXU_run2a_2_1_batch_2000.onnx,prop_3.vnnlib,0.400030,0.406818,6.1300,1.7000
ACASXU_run2a_2_1_batch_2000.onnx,prop_4.vnnlib,0.236562,0.238770,6.3000,1.6300
ACASXU_run2a_2_2_batch_2000.onnx,prop_1.vnnlib,836.701660,848.770386,6.0800,1.7500
ACASXU_run2a_2_2_batch_2000.onnx,prop_2.vnnlib,706.307369,708.261406,6.6600,1.6600
ACASXU_run2a_2_2_batch_2000.onnx,prop_3.vnnlib,0.312136,0.318037,6.5500,1.6300
ACASXU_run2a_2_2_batch_2000.onnx,prop_4.vnnlib,0.166118,0.168711,6.5400,1.7600
ACASXU_run2a_2_3_batch_2000.onnx,prop_1.vnnlib,361.390846,365.163498,6.5500,1.6300
ACASXU_run2a_2_3_batch_2000.onnx,prop_2.vnnlib,383.551176,388.854664,6.2800,1.7900
ACASXU_run2a_2_3_batch_2000.onnx,prop_3.vnnlib,0.461153,0.462218,6.1100,1.7800
ACASXU_run2a_2_3_batch_2000.onnx,prop_4.vnnlib,0.078299,0.078092,6.0500,1.7500
ACASXU_run2a_2_4_batch_2000.onnx,prop_1.vnnlib,293.122456,298.158951,6.1800,1.6300
ACASXU_run2a_2_4_batch_2000.onnx,prop_2.vnnlib,262.583574,268.219637,6.5900,1.8000
ACASXU_run2a_2_4_batch_2000.onnx,prop_3.vnnlib,0.102766,0.007559,5.1900,1.7900
ACASXU_run2a_2_4_batch_2000.onnx,prop_4.vnnlib,0.072551,0.046438,5.9500,1.7000
ACASXU_run2a_2_5_batch_2000.onnx,prop_1.vnnlib,830.683838,845.002732,6.6500,1.6300
ACASXU_run2a_2_5_batch_2000.onnx,prop_2.vnnlib,831.844345,845.716777,6.0900,1.7000
ACASXU_run2a_2_5_batch_2000.onnx,prop_3.vnnlib,0.028245,0.016657,5.5700,1.5400
ACASXU_run2a_2_5_batch_2000.onnx,prop_4.vnnlib,0.089486,0.082449,5.8500,1.6400
ACASXU_run2a_2_6_batch_2000.onnx,prop_1.vnnlib,2064.398865,2064.129944,6.1700,1.6500
ACASXU_run2a_2_6_batch_2000.onnx,prop_2.vnnlib,1941.326012,1942.233254,6.7000,1.7300
ACASXU_run2a_2_6_batch_2000.onnx,prop_3.vnnlib,0.028703,0.002834,5.4800,1.6800
ACASXU_run2a_2_6_batch_2000.onnx,prop_4.vnnlib,0.103910,0.292732,6.1800,1.7100
ACASXU_run2a_2_7_batch_2000.onnx,prop_1.vnnlib,3995.750000,4048.093628,6.5500,1.7300
ACASXU_run2a_2_7_batch_2000.onnx,prop_2.vnnlib,3927.266083,4003.099610,6.1300,1.7800
ACASXU_run2a_2_7_batch_2000.onnx,prop_3.vnnlib,0.205077,0.019866,4.9600,1.7400
ACASXU_run2a_2_7_batch_2000.onnx,prop_4.vnnlib,0.038922,0.005288,5.5400,1.7300
ACASXU_run2a_2_8_batch_2000.onnx,prop_1.vnnlib,5465.271484,5526.022583,6.0800,1.6500
ACASXU_run2a_2_8_batch_2000.onnx,prop_2.vnnlib,5127.979309,5168.326965,7.0100,1.7400
ACASXU_run2a_2_8_batch_2000.onnx,prop_3.vnnlib,0.021664,0.002367,5.4000,1.7300
ACASXU_run2a_2_8_batch_2000.onnx,prop_4.vnnlib,1.135693,1.256083,6.5500,1.7300
ACASXU_run2a_2_9_batch_2000.onnx,prop_1.vnnlib,3955.096313,3930.539917,7.0400,1.6400
ACASXU_run2a_2_9_batch_2000.onnx,prop_2.vnnlib,3934.035583,3861.797577,6.0700,1.8000
ACASXU_run2a_2_9_batch_2000.onnx,prop_4.vnnlib,0.066902,0.003133,4.8500,1.6400
ACASXU_run2a_2_9_batch_2000.onnx,prop_8.vnnlib,462.250236,460.032777,6.1300,1.7300
ACASXU_run2a_3_1_batch_2000.onnx,prop_1.vnnlib,544.381317,504.281921,5.8500,1.7100
ACASXU_run2a_3_1_batch_2000.onnx,prop_2.vnnlib,406.435303,393.824593,6.7600,1.7000
ACASXU_run2a_3_1_batch_2000.onnx,prop_3.vnnlib,0.185640,0.226711,6.5300,1.6800
ACASXU_run2a_3_1_batch_2000.onnx,prop_4.vnnlib,0.151090,0.152572,6.5600,1.6800
ACASXU_run2a_3_2_batch_2000.onnx,prop_1.vnnlib,551.531784,552.308365,6.5600,1.5000
ACASXU_run2a_3_2_batch_2000.onnx,prop_2.vnnlib,383.938564,387.312645,6.1300,1.6800
ACASXU_run2a_3_2_batch_2000.onnx,prop_3.vnnlib,0.537543,0.547134,6.3000,1.6900
ACASXU_run2a_3_2_batch_2000.onnx,prop_4.vnnlib,0.136537,0.135385,6.1300,1.6400
ACASXU_run2a_3_3_batch_2000.onnx,prop_1.vnnlib,475.153458,475.555908,6.1300,1.5400
ACASXU_run2a_3_3_batch_2000.onnx,prop_2.vnnlib,475.002052,475.504101,6.5700,1.6300
ACASXU_run2a_3_3_batch_2000.onnx,prop_3.vnnlib,0.126554,0.121264,6.1400,1.7400
ACASXU_run2a_3_3_batch_2000.onnx,prop_4.vnnlib,0.113084,0.052029,6.0900,1.7000
ACASXU_run2a_3_3_batch_2000.onnx,prop_9.vnnlib,16.707822,16.714753,6.6400,1.7700
ACASXU_run2a_3_4_batch_2000.onnx,prop_1.vnnlib,268.342522,269.016823,6.3700,1.6600
ACASXU_run2a_3_4_batch_2000.onnx,prop_2.vnnlib,247.811514,249.334954,6.1700,1.8000
ACASXU_run2a_3_4_batch_2000.onnx,prop_3.vnnlib,0.248226,0.274362,6.1800,1.7300
ACASXU_run2a_3_4_batch_2000.onnx,prop_4.vnnlib,0.061893,0.052685,5.5000,1.6800
ACASXU_run2a_3_5_batch_2000.onnx,prop_1.vnnlib,609.123901,609.689156,6.7700,1.5900
ACASXU_run2a_3_5_batch_2000.onnx,prop_2.vnnlib,591.048780,590.812319,7.1300,1.6400
ACASXU_run2a_3_5_batch_2000.onnx,prop_3.vnnlib,0.168994,0.020385,6.0300,1.7000
ACASXU_run2a_3_5_batch_2000.onnx,prop_4.vnnlib,0.094069,0.088583,6.4900,1.6800
ACASXU_run2a_3_6_batch_2000.onnx,prop_1.vnnlib,2672.886169,2673.297913,6.2500,1.6500
ACASXU_run2a_3_6_batch_2000.onnx,prop_2.vnnlib,2659.222427,2645.368103,6.2000,1.7500
ACASXU_run2a_3_6_batch_2000.onnx,prop_3.vnnlib,0.124266,0.133628,6.1300,1.7700
ACASXU_run2a_3_6_batch_2000.onnx,prop_4.vnnlib,0.053366,0.040625,5.5500,1.7000
ACASXU_run2a_3_7_batch_2000.onnx,prop_1.vnnlib,4125.259644,4178.497925,6.5600,1.6600
ACASXU_run2a_3_7_batch_2000.onnx,prop_2.vnnlib,4162.124390,4196.198608,7.0300,1.7000
ACASXU_run2a_3_7_batch_2000.onnx,prop_3.vnnlib,0.003733,0.001986,5.2100,1.7500
ACASXU_run2a_3_7_batch_2000.onnx,prop_4.vnnlib,0.053020,0.046055,5.5300,1.8000
ACASXU_run2a_3_8_batch_2000.onnx,prop_1.vnnlib,3350.704956,3314.962220,6.1600,1.6700
ACASXU_run2a_3_8_batch_2000.onnx,prop_2.vnnlib,3447.930084,3403.272400,6.0900,1.8100
ACASXU_run2a_3_8_batch_2000.onnx,prop_3.vnnlib,0.090871,0.088286,6.1000,1.5800
ACASXU_run2a_3_8_batch_2000.onnx,prop_4.vnnlib,0.131415,0.136316,6.5600,1.7300
ACASXU_run2a_3_9_batch_2000.onnx,prop_1.vnnlib,4550.147095,4616.556030,6.5700,1.5400
ACASXU_run2a_3_9_batch_2000.onnx,prop_2.vnnlib,4458.216064,4500.078430,6.8300,1.6800
ACASXU_run2a_3_9_batch_2000.onnx,prop_3.vnnlib,0.071244,0.051866,5.9900,1.6800
ACASXU_run2a_3_9_batch_2000.onnx,prop_4.vnnlib,0.147388,0.157187,6.2500,1.7700
ACASXU_run2a_4_1_batch_2000.onnx,prop_1.vnnlib,613.240479,613.892914,6.1900,1.5500
ACASXU_run2a_4_1_batch_2000.onnx,prop_2.vnnlib,468.736870,468.311417,6.1300,1.7300
ACASXU_run2a_4_1_batch_2000.onnx,prop_3.vnnlib,0.323830,0.330610,6.1500,1.5500
ACASXU_run2a_4_1_batch_2000.onnx,prop_4.vnnlib,0.080945,0.058141,5.4000,1.6900
ACASXU_run2a_4_2_batch_2000.onnx,prop_1.vnnlib,581.730957,581.570220,6.6300,1.6300
ACASXU_run2a_4_2_batch_2000.onnx,prop_2.vnnlib,499.783726,502.434089,6.9800,1.6900
ACASXU_run2a_4_2_batch_2000.onnx,prop_3.vnnlib,0.414600,0.420389,6.6300,1.7100
ACASXU_run2a_4_2_batch_2000.onnx,prop_4.vnnlib,0.155715,0.157819,6.0700,1.6900
ACASXU_run2a_4_3_batch_2000.onnx,prop_1.vnnlib,530.558853,537.846924,6.1400,1.5900
ACASXU_run2a_4_3_batch_2000.onnx,prop_2.vnnlib,466.619419,471.275875,6.2900,1.6400
ACASXU_run2a_4_3_batch_2000.onnx,prop_3.vnnlib,0.405970,0.405479,6.1100,1.5800
ACASXU_run2a_4_3_batch_2000.onnx,prop_4.vnnlib,0.121516,0.121526,6.6400,1.6800
ACASXU_run2a_4_4_batch_2000.onnx,prop_1.vnnlib,437.944122,440.964486,6.8800,1.5900
ACASXU_run2a_4_4_batch_2000.onnx,prop_2.vnnlib,419.185230,421.770010,6.5500,1.7100
ACASXU_run2a_4_4_batch_2000.onnx,prop_3.vnnlib,0.015496,0.008581,6.0400,1.6900
ACASXU_run2a_4_4_batch_2000.onnx,prop_4.vnnlib,0.184567,0.186311,6.1300,1.6800
ACASXU_run2a_4_5_batch_2000.onnx,prop_1.vnnlib,1275.731995,1277.070252,6.0700,1.6400
ACASXU_run2a_4_5_batch_2000.onnx,prop_10.vnnlib,107.705524,108.603389,6.1300,1.6400
ACASXU_run2a_4_5_batch_2000.onnx,prop_2.vnnlib,1222.750397,1227.124054,6.0900,1.7400
ACASXU_run2a_4_5_batch_2000.onnx,prop_3.vnnlib,0.071282,0.008608,4.8800,1.7300
ACASXU_run2a_4_5_batch_2000.onnx,prop_4.vnnlib,0.039729,0.031159,5.9800,1.7700
ACASXU_run2a_4_6_batch_2000.onnx,prop_1.vnnlib,2966.496948,2977.148255,7.0300,1.6700
ACASXU_run2a_4_6_batch_2000.onnx,prop_2.vnnlib,2924.849083,2922.120316,7.0300,1.8300
ACASXU_run2a_4_6_batch_2000.onnx,prop_3.vnnlib,0.193615,0.189112,6.5700,1.6700
ACASXU_run2a_4_6_batch_2000.onnx,prop_4.vnnlib,0.038119,0.022889,5.5300,1.8300
ACASXU_run2a_4_7_batch_2000.onnx,prop_1.vnnlib,3858.487549,3881.712647,6.0800,1.5800
ACASXU_run2a_4_7_batch_2000.onnx,prop_2.vnnlib,3911.111511,3904.933777,6.1600,1.7600
ACASXU_run2a_4_7_batch_2000.onnx,prop_3.vnnlib,0.027384,0.023208,5.5300,1.7300
ACASXU_run2a_4_7_batch_2000.onnx,prop_4.vnnlib,0.005899,0.005441,6.1000,1.8400
ACASXU_run2a_4_8_batch_2000.onnx,prop_1.vnnlib,4481.161377,4498.207763,6.5900,1.6000
ACASXU_run2a_4_8_batch_2000.onnx,prop_2.vnnlib,4560.139160,4564.114166,6.1300,1.6900
ACASXU_run2a_4_8_batch_2000.onnx,prop_3.vnnlib,0.483163,0.019977,5.3700,1.4900
ACASXU_run2a_4_8_batch_2000.onnx,prop_4.vnnlib,0.264754,0.032571,5.6300,1.5700
ACASXU_run2a_4_9_batch_2000.onnx,prop_1.vnnlib,8443.584351,8527.028198,6.1000,1.6400
ACASXU_run2a_4_9_batch_2000.onnx,prop_2.vnnlib,8201.769348,8312.375275,6.5900,1.6500
ACASXU_run2a_4_9_batch_2000.onnx,prop_3.vnnlib,0.048665,0.069266,5.5600,1.7400
ACASXU_run2a_4_9_batch_2000.onnx,prop_4.vnnlib,0.058866,0.056770,6.0300,1.7000
ACASXU_run2a_5_1_batch_2000.onnx,prop_1.vnnlib,509.927658,512.824997,7.1000,1.7800
ACASXU_run2a_5_1_batch_2000.onnx,prop_2.vnnlib,513.742046,487.771141,5.8500,1.7000
ACASXU_run2a_5_1_batch_2000.onnx,prop_3.vnnlib,0.469767,0.484389,6.5700,1.6000
ACASXU_run2a_5_1_batch_2000.onnx,prop_4.vnnlib,0.153822,0.113542,5.4900,1.7000
ACASXU_run2a_5_2_batch_2000.onnx,prop_1.vnnlib,267.889984,274.057174,6.1400,1.6000
ACASXU_run2a_5_2_batch_2000.onnx,prop_2.vnnlib,226.030050,230.644979,6.6300,1.7800
ACASXU_run2a_5_2_batch_2000.onnx,prop_3.vnnlib,0.239985,0.236013,6.2400,1.7100
ACASXU_run2a_5_2_batch_2000.onnx,prop_4.vnnlib,0.124232,0.112015,6.3600,1.7300
ACASXU_run2a_5_3_batch_2000.onnx,prop_1.vnnlib,434.471130,438.090759,6.6800,1.6800
ACASXU_run2a_5_3_batch_2000.onnx,prop_2.vnnlib,445.871334,455.527740,6.1100,1.7400
ACASXU_run2a_5_3_batch_2000.onnx,prop_3.vnnlib,0.165064,0.164597,6.5800,1.7000
ACASXU_run2a_5_3_batch_2000.onnx,prop_4.vnnlib,0.122818,0.106604,5.5300,1.6400
ACASXU_run2a_5_4_batch_2000.onnx,prop_1.vnnlib,518.561188,523.163955,6.2900,1.6500
ACASXU_run2a_5_4_batch_2000.onnx,prop_2.vnnlib,439.535038,447.177349,6.6400,1.7700
ACASXU_run2a_5_4_batch_2000.onnx,prop_3.vnnlib,0.028770,0.027848,5.5300,1.6300
ACASXU_run2a_5_4_batch_2000.onnx,prop_4.vnnlib,0.050270,0.046382,6.0900,1.6300
ACASXU_run2a_5_5_batch_2000.onnx,prop_1.vnnlib,942.279190,953.635437,7.0300,1.6400
ACASXU_run2a_5_5_batch_2000.onnx,prop_2.vnnlib,863.781139,868.162178,6.1300,1.7400
ACASXU_run2a_5_5_batch_2000.onnx,prop_3.vnnlib,0.062917,0.031878,5.7400,1.6300
ACASXU_run2a_5_5_batch_2000.onnx,prop_4.vnnlib,0.044642,0.023010,5.4900,1.7000
ACASXU_run2a_5_6_batch_2000.onnx,prop_1.vnnlib,2828.468018,2825.439819,6.1300,1.5300
ACASXU_run2a_5_6_batch_2000.onnx,prop_2.vnnlib,2593.398331,2604.102310,6.5700,1.7400
ACASXU_run2a_5_6_batch_2000.onnx,prop_3.vnnlib,0.082159,0.060834,6.0900,1.7300
ACASXU_run2a_5_6_batch_2000.onnx,prop_4.vnnlib,0.192389,0.037029,5.2700,1.6800
ACASXU_run2a_5_7_batch_2000.onnx,prop_1.vnnlib,3563.223145,3590.432007,6.5900,1.6800
ACASXU_run2a_5_7_batch_2000.onnx,prop_2.vnnlib,3587.013367,3628.931763,6.1300,1.6900
ACASXU_run2a_5_7_batch_2000.onnx,prop_3.vnnlib,0.003047,0.002533,4.9300,1.5400
ACASXU_run2a_5_7_batch_2000.onnx,prop_4.vnnlib,0.069536,0.003269,4.8300,1.8300
ACASXU_run2a_5_8_batch_2000.onnx,prop_1.vnnlib,6443.837646,6510.786866,6.0800,1.6900
ACASXU_run2a_5_8_batch_2000.onnx,prop_2.vnnlib,6499.610870,6567.902893,6.7300,1.7100
ACASXU_run2a_5_8_batch_2000.onnx,prop_3.vnnlib,0.107872,0.095572,6.0700,1.7700
ACASXU_run2a_5_8_batch_2000.onnx,prop_4.vnnlib,0.107205,0.113491,6.1500,1.7100
ACASXU_run2a_5_9_batch_2000.onnx,prop_1.vnnlib,3765.899292,3623.046143,6.9800,1.7100
ACASXU_run2a_5_9_batch_2000.onnx,prop_2.vnnlib,3740.025024,3640.597259,6.0800,1.7000
ACASXU_run2a_5_9_batch_2000.onnx,prop_3.vnnlib,0.034088,0.005775,5.4700,1.6300
ACASXU_run2a_5_9_batch_2000.onnx,prop_4.vnnlib,0.036227,0.023269,5.7300,1.7000
