onnx_file,vnnlib_file,abcrown_bound_width,luna_bound_width,abcrown_runtime,luna_runtime
lane_keep_finetune_con.onnx,prop_lane_keep.vnnlib,5.093978,5.026499,6.1800,0.9400
lane_keep_finetune_inv.onnx,prop_lane_keep.vnnlib,7.928231,7.784404,7.4000,1.4900
lane_keep_pretrain_con.onnx,prop_lane_keep.vnnlib,4.979526,4.900196,6.4700,0.9300
lane_keep_pretrain_inv.onnx,prop_lane_keep.vnnlib,7.752032,7.685849,6.9100,1.5300
pendulum_finetune_con.onnx,prop_pendulum.vnnlib,2.248951,2.226351,5.8300,0.7400
pendulum_finetune_inv.onnx,prop_pendulum.vnnlib,3.702405,3.620635,8.2900,2.2300
pendulum_pretrain_con.onnx,prop_pendulum.vnnlib,2.102404,2.033527,5.7100,0.7800
pendulum_pretrain_inv.onnx,prop_pendulum.vnnlib,3.446919,3.361178,8.1800,2.3300
point_mass_finetune_con.onnx,prop_point_mass.vnnlib,3.162409,3.118482,5.6100,0.7300
point_mass_finetune_inv.onnx,prop_point_mass.vnnlib,3.874825,3.836030,7.2100,1.8300
point_mass_pretrain_con.onnx,prop_point_mass.vnnlib,3.534225,3.509031,5.7600,0.7800
point_mass_pretrain_inv.onnx,prop_point_mass.vnnlib,4.718915,4.634441,7.6600,1.8500
