onnx_file,vnnlib_file,abcrown_bound_width,luna_bound_width,abcrown_runtime,luna_runtime
CIFAR100_resnet_large.onnx,CIFAR100_resnet_large_prop_idx_1059_sidx_6596_eps_0.0039.vnnlib,--,3.534192,301.2200,228.9100
CIFAR100_resnet_large.onnx,CIFAR100_resnet_large_prop_idx_1063_sidx_7948_eps_0.0039.vnnlib,--,2.208872,301.2100,291.7700
CIFAR100_resnet_large.onnx,CIFAR100_resnet_large_prop_idx_1105_sidx_9000_eps_0.0039.vnnlib,--,4.630240,301.2200,253.9300
CIFAR100_resnet_large.onnx,CIFAR100_resnet_large_prop_idx_1216_sidx_6431_eps_0.0039.vnnlib,--,2.422957,301.2100,184.6700
CIFAR100_resnet_large.onnx,CIFAR100_resnet_large_prop_idx_1241_sidx_5679_eps_0.0039.vnnlib,--,3.278133,301.2100,219.0300
CIFAR100_resnet_large.onnx,CIFAR100_resnet_large_prop_idx_1280_sidx_5310_eps_0.0039.vnnlib,--,3.063954,301.2200,229.3400
CIFAR100_resnet_large.onnx,CIFAR100_resnet_large_prop_idx_1298_sidx_33_eps_0.0039.vnnlib,--,3.210621,301.2200,210.6500
CIFAR100_resnet_large.onnx,CIFAR100_resnet_large_prop_idx_1309_sidx_8525_eps_0.0039.vnnlib,--,2.319262,301.2200,180.7900
CIFAR100_resnet_large.onnx,CIFAR100_resnet_large_prop_idx_1426_sidx_3855_eps_0.0039.vnnlib,--,3.582786,301.2200,283.9600
CIFAR100_resnet_large.onnx,CIFAR100_resnet_large_prop_idx_1439_sidx_8354_eps_0.0039.vnnlib,--,3.198157,301.2200,237.3400
CIFAR100_resnet_large.onnx,CIFAR100_resnet_large_prop_idx_1456_sidx_5797_eps_0.0039.vnnlib,--,3.077596,301.2200,236.1900
CIFAR100_resnet_large.onnx,CIFAR100_resnet_large_prop_idx_1590_sidx_2858_eps_0.0039.vnnlib,--,--,301.2200,301.2300
CIFAR100_resnet_large.onnx,CIFAR100_resnet_large_prop_idx_1913_sidx_2767_eps_0.0039.vnnlib,--,3.735073,301.2100,226.2300
CIFAR100_resnet_large.onnx,CIFAR100_resnet_large_prop_idx_1938_sidx_6556_eps_0.0039.vnnlib,--,4.755103,301.2100,242.9700
CIFAR100_resnet_large.onnx,CIFAR100_resnet_large_prop_idx_2132_sidx_6868_eps_0.0039.vnnlib,--,--,301.2100,302.0700
CIFAR100_resnet_large.onnx,CIFAR100_resnet_large_prop_idx_2302_sidx_3657_eps_0.0039.vnnlib,--,4.259918,301.2100,262.8400
CIFAR100_resnet_large.onnx,CIFAR100_resnet_large_prop_idx_2461_sidx_2912_eps_0.0039.vnnlib,--,--,301.2200,301.4400
CIFAR100_resnet_large.onnx,CIFAR100_resnet_large_prop_idx_2624_sidx_917_eps_0.0039.vnnlib,--,2.800251,301.2200,195.8800
CIFAR100_resnet_large.onnx,CIFAR100_resnet_large_prop_idx_2630_sidx_1753_eps_0.0039.vnnlib,--,3.930333,301.2100,265.3300
CIFAR100_resnet_large.onnx,CIFAR100_resnet_large_prop_idx_2636_sidx_1992_eps_0.0039.vnnlib,--,--,301.2200,301.2200
CIFAR100_resnet_large.onnx,CIFAR100_resnet_large_prop_idx_2668_sidx_2652_eps_0.0039.vnnlib,--,4.805112,301.2200,282.8800
CIFAR100_resnet_large.onnx,CIFAR100_resnet_large_prop_idx_2724_sidx_6459_eps_0.0039.vnnlib,--,2.535426,301.2200,182.7300
CIFAR100_resnet_large.onnx,CIFAR100_resnet_large_prop_idx_276_sidx_476_eps_0.0039.vnnlib,--,3.797203,301.2200,251.3000
CIFAR100_resnet_large.onnx,CIFAR100_resnet_large_prop_idx_2783_sidx_8903_eps_0.0039.vnnlib,--,--,301.2100,301.2300
CIFAR100_resnet_large.onnx,CIFAR100_resnet_large_prop_idx_2993_sidx_2485_eps_0.0039.vnnlib,--,3.962982,301.2100,226.6300
CIFAR100_resnet_large.onnx,CIFAR100_resnet_large_prop_idx_2998_sidx_6947_eps_0.0039.vnnlib,--,--,301.2200,301.2300
CIFAR100_resnet_large.onnx,CIFAR100_resnet_large_prop_idx_3143_sidx_9413_eps_0.0039.vnnlib,--,4.683791,301.2100,259.1100
CIFAR100_resnet_large.onnx,CIFAR100_resnet_large_prop_idx_3355_sidx_212_eps_0.0039.vnnlib,--,3.548184,301.2100,295.7000
CIFAR100_resnet_large.onnx,CIFAR100_resnet_large_prop_idx_3443_sidx_918_eps_0.0039.vnnlib,--,4.296883,301.3800,253.6300
CIFAR100_resnet_large.onnx,CIFAR100_resnet_large_prop_idx_3573_sidx_2903_eps_0.0039.vnnlib,--,5.175193,301.2200,284.1700
CIFAR100_resnet_large.onnx,CIFAR100_resnet_large_prop_idx_3585_sidx_3469_eps_0.0039.vnnlib,--,4.138542,301.2100,275.1000
CIFAR100_resnet_large.onnx,CIFAR100_resnet_large_prop_idx_3681_sidx_4987_eps_0.0039.vnnlib,--,1.866484,301.2200,218.3300
CIFAR100_resnet_large.onnx,CIFAR100_resnet_large_prop_idx_3703_sidx_3842_eps_0.0039.vnnlib,--,--,301.2100,301.2300
CIFAR100_resnet_large.onnx,CIFAR100_resnet_large_prop_idx_3812_sidx_8477_eps_0.0039.vnnlib,--,--,301.2200,301.2300
CIFAR100_resnet_large.onnx,CIFAR100_resnet_large_prop_idx_383_sidx_3388_eps_0.0039.vnnlib,--,6.266792,301.2100,285.3500
CIFAR100_resnet_large.onnx,CIFAR100_resnet_large_prop_idx_3858_sidx_134_eps_0.0039.vnnlib,--,--,301.2200,301.2100
CIFAR100_resnet_large.onnx,CIFAR100_resnet_large_prop_idx_3894_sidx_5803_eps_0.0039.vnnlib,--,--,301.2100,301.6200
CIFAR100_resnet_large.onnx,CIFAR100_resnet_large_prop_idx_3950_sidx_4217_eps_0.0039.vnnlib,--,--,301.2200,301.7200
CIFAR100_resnet_large.onnx,CIFAR100_resnet_large_prop_idx_4227_sidx_5883_eps_0.0039.vnnlib,--,--,301.2100,301.2200
CIFAR100_resnet_large.onnx,CIFAR100_resnet_large_prop_idx_4322_sidx_9995_eps_0.0039.vnnlib,--,2.886289,301.2100,257.7400
CIFAR100_resnet_large.onnx,CIFAR100_resnet_large_prop_idx_4385_sidx_9116_eps_0.0039.vnnlib,--,4.430117,301.2200,259.4900
CIFAR100_resnet_large.onnx,CIFAR100_resnet_large_prop_idx_4486_sidx_8828_eps_0.0039.vnnlib,--,2.830372,301.2100,220.2700
CIFAR100_resnet_large.onnx,CIFAR100_resnet_large_prop_idx_4571_sidx_3801_eps_0.0039.vnnlib,--,3.122378,301.2100,262.1700
CIFAR100_resnet_large.onnx,CIFAR100_resnet_large_prop_idx_4652_sidx_1371_eps_0.0039.vnnlib,--,1.177837,301.2200,187.8400
CIFAR100_resnet_large.onnx,CIFAR100_resnet_large_prop_idx_4757_sidx_803_eps_0.0039.vnnlib,--,3.924502,301.2200,265.6300
CIFAR100_resnet_large.onnx,CIFAR100_resnet_large_prop_idx_483_sidx_7371_eps_0.0039.vnnlib,--,--,301.2200,301.2300
CIFAR100_resnet_large.onnx,CIFAR100_resnet_large_prop_idx_484_sidx_161_eps_0.0039.vnnlib,--,4.125595,301.2200,239.8400
CIFAR100_resnet_large.onnx,CIFAR100_resnet_large_prop_idx_4862_sidx_9853_eps_0.0039.vnnlib,--,4.649139,301.2100,299.8900
CIFAR100_resnet_large.onnx,CIFAR100_resnet_large_prop_idx_496_sidx_1194_eps_0.0039.vnnlib,--,3.197086,301.2200,277.0600
CIFAR100_resnet_large.onnx,CIFAR100_resnet_large_prop_idx_5162_sidx_8126_eps_0.0039.vnnlib,--,2.202571,301.2100,203.5300
CIFAR100_resnet_large.onnx,CIFAR100_resnet_large_prop_idx_5230_sidx_242_eps_0.0039.vnnlib,--,--,301.2200,301.2200
CIFAR100_resnet_large.onnx,CIFAR100_resnet_large_prop_idx_5308_sidx_1650_eps_0.0039.vnnlib,--,3.191831,301.2100,187.3400
CIFAR100_resnet_large.onnx,CIFAR100_resnet_large_prop_idx_5410_sidx_2762_eps_0.0039.vnnlib,--,3.960792,301.2100,295.1500
CIFAR100_resnet_large.onnx,CIFAR100_resnet_large_prop_idx_5522_sidx_5863_eps_0.0039.vnnlib,--,2.555875,301.2100,222.5300
CIFAR100_resnet_large.onnx,CIFAR100_resnet_large_prop_idx_5546_sidx_4338_eps_0.0039.vnnlib,--,--,301.2100,301.2600
CIFAR100_resnet_large.onnx,CIFAR100_resnet_large_prop_idx_5769_sidx_1524_eps_0.0039.vnnlib,--,3.544641,301.2200,260.0100
CIFAR100_resnet_large.onnx,CIFAR100_resnet_large_prop_idx_5804_sidx_1885_eps_0.0039.vnnlib,--,--,301.2200,301.2200
CIFAR100_resnet_large.onnx,CIFAR100_resnet_large_prop_idx_5810_sidx_7106_eps_0.0039.vnnlib,--,3.857984,301.2200,290.9400
CIFAR100_resnet_large.onnx,CIFAR100_resnet_large_prop_idx_6101_sidx_3593_eps_0.0039.vnnlib,--,2.858935,301.2100,197.7300
CIFAR100_resnet_large.onnx,CIFAR100_resnet_large_prop_idx_6269_sidx_6873_eps_0.0039.vnnlib,--,3.707175,301.2200,249.0000
CIFAR100_resnet_large.onnx,CIFAR100_resnet_large_prop_idx_62_sidx_313_eps_0.0039.vnnlib,--,2.942766,301.2100,252.8500
CIFAR100_resnet_large.onnx,CIFAR100_resnet_large_prop_idx_6337_sidx_2381_eps_0.0039.vnnlib,--,4.267768,301.2100,261.6800
CIFAR100_resnet_large.onnx,CIFAR100_resnet_large_prop_idx_6341_sidx_3142_eps_0.0039.vnnlib,--,4.567138,301.5400,293.8100
CIFAR100_resnet_large.onnx,CIFAR100_resnet_large_prop_idx_6343_sidx_1886_eps_0.0039.vnnlib,--,3.770227,301.2100,269.5300
CIFAR100_resnet_large.onnx,CIFAR100_resnet_large_prop_idx_6418_sidx_7923_eps_0.0039.vnnlib,--,3.678985,301.2100,251.4600
CIFAR100_resnet_large.onnx,CIFAR100_resnet_large_prop_idx_6491_sidx_3620_eps_0.0039.vnnlib,--,3.224748,301.2200,294.7300
CIFAR100_resnet_large.onnx,CIFAR100_resnet_large_prop_idx_656_sidx_2209_eps_0.0039.vnnlib,--,3.866150,301.2200,280.9700
CIFAR100_resnet_large.onnx,CIFAR100_resnet_large_prop_idx_6583_sidx_8860_eps_0.0039.vnnlib,--,4.994563,301.2200,257.4300
CIFAR100_resnet_large.onnx,CIFAR100_resnet_large_prop_idx_6757_sidx_2400_eps_0.0039.vnnlib,--,4.704317,301.2200,280.1700
CIFAR100_resnet_large.onnx,CIFAR100_resnet_large_prop_idx_7104_sidx_9469_eps_0.0039.vnnlib,--,4.631905,301.2200,271.1400
CIFAR100_resnet_large.onnx,CIFAR100_resnet_large_prop_idx_7233_sidx_4318_eps_0.0039.vnnlib,--,--,301.2100,301.2500
CIFAR100_resnet_large.onnx,CIFAR100_resnet_large_prop_idx_7436_sidx_5742_eps_0.0039.vnnlib,--,--,301.2100,301.2300
CIFAR100_resnet_large.onnx,CIFAR100_resnet_large_prop_idx_7554_sidx_8201_eps_0.0039.vnnlib,--,3.308013,301.2200,222.3700
CIFAR100_resnet_large.onnx,CIFAR100_resnet_large_prop_idx_7640_sidx_9025_eps_0.0039.vnnlib,--,3.521959,301.2100,269.4300
CIFAR100_resnet_large.onnx,CIFAR100_resnet_large_prop_idx_7866_sidx_7980_eps_0.0039.vnnlib,--,--,301.2200,301.2500
CIFAR100_resnet_large.onnx,CIFAR100_resnet_large_prop_idx_7884_sidx_6926_eps_0.0039.vnnlib,--,3.082858,301.2200,273.1300
CIFAR100_resnet_large.onnx,CIFAR100_resnet_large_prop_idx_7886_sidx_7064_eps_0.0039.vnnlib,--,2.627044,301.2100,256.0800
CIFAR100_resnet_large.onnx,CIFAR100_resnet_large_prop_idx_7890_sidx_4421_eps_0.0039.vnnlib,--,2.447656,301.2200,207.8800
CIFAR100_resnet_large.onnx,CIFAR100_resnet_large_prop_idx_7926_sidx_589_eps_0.0039.vnnlib,--,4.047028,301.2100,268.2300
CIFAR100_resnet_large.onnx,CIFAR100_resnet_large_prop_idx_8005_sidx_2582_eps_0.0039.vnnlib,--,--,301.2100,301.2200
CIFAR100_resnet_large.onnx,CIFAR100_resnet_large_prop_idx_8012_sidx_5910_eps_0.0039.vnnlib,--,4.449044,301.2100,287.7400
CIFAR100_resnet_large.onnx,CIFAR100_resnet_large_prop_idx_8119_sidx_972_eps_0.0039.vnnlib,--,--,301.2100,301.2100
CIFAR100_resnet_large.onnx,CIFAR100_resnet_large_prop_idx_8332_sidx_4482_eps_0.0039.vnnlib,--,5.096179,301.5200,295.6600
CIFAR100_resnet_large.onnx,CIFAR100_resnet_large_prop_idx_8381_sidx_4474_eps_0.0039.vnnlib,--,4.601262,301.2100,295.3800
CIFAR100_resnet_large.onnx,CIFAR100_resnet_large_prop_idx_8395_sidx_8915_eps_0.0039.vnnlib,--,--,301.2200,301.2400
CIFAR100_resnet_large.onnx,CIFAR100_resnet_large_prop_idx_8476_sidx_3906_eps_0.0039.vnnlib,--,4.743534,301.2100,289.0300
CIFAR100_resnet_large.onnx,CIFAR100_resnet_large_prop_idx_8502_sidx_2893_eps_0.0039.vnnlib,--,3.137141,301.2200,280.6300
CIFAR100_resnet_large.onnx,CIFAR100_resnet_large_prop_idx_8589_sidx_3105_eps_0.0039.vnnlib,--,2.389130,301.2200,208.9300
CIFAR100_resnet_large.onnx,CIFAR100_resnet_large_prop_idx_8748_sidx_4804_eps_0.0039.vnnlib,--,4.539125,301.2100,273.5500
CIFAR100_resnet_large.onnx,CIFAR100_resnet_large_prop_idx_8865_sidx_700_eps_0.0039.vnnlib,--,2.813977,301.2100,238.3700
CIFAR100_resnet_large.onnx,CIFAR100_resnet_large_prop_idx_9372_sidx_3515_eps_0.0039.vnnlib,--,--,301.2100,301.9000
CIFAR100_resnet_large.onnx,CIFAR100_resnet_large_prop_idx_9460_sidx_4347_eps_0.0039.vnnlib,--,--,301.2200,301.2200
CIFAR100_resnet_large.onnx,CIFAR100_resnet_large_prop_idx_9476_sidx_5602_eps_0.0039.vnnlib,--,4.956137,301.2100,297.1800
CIFAR100_resnet_large.onnx,CIFAR100_resnet_large_prop_idx_9640_sidx_7273_eps_0.0039.vnnlib,--,3.845501,301.2200,234.8400
CIFAR100_resnet_large.onnx,CIFAR100_resnet_large_prop_idx_9773_sidx_3718_eps_0.0039.vnnlib,--,2.121262,301.2100,200.4300
CIFAR100_resnet_large.onnx,CIFAR100_resnet_large_prop_idx_9778_sidx_7516_eps_0.0039.vnnlib,--,--,301.2200,301.8700
CIFAR100_resnet_large.onnx,CIFAR100_resnet_large_prop_idx_9845_sidx_200_eps_0.0039.vnnlib,--,2.043840,301.2200,195.2400
CIFAR100_resnet_large.onnx,CIFAR100_resnet_large_prop_idx_9883_sidx_7162_eps_0.0039.vnnlib,--,3.133995,301.2100,264.2500
CIFAR100_resnet_large.onnx,CIFAR100_resnet_large_prop_idx_9935_sidx_75_eps_0.0039.vnnlib,--,2.636576,301.2100,229.5000
CIFAR100_resnet_large.onnx,CIFAR100_resnet_large_prop_idx_998_sidx_7605_eps_0.0039.vnnlib,--,2.580456,301.2100,202.3000
CIFAR100_resnet_medium.onnx,CIFAR100_resnet_medium_prop_idx_1190_sidx_8846_eps_0.0039.vnnlib,3.598691,3.598233,104.1300,40.9900
CIFAR100_resnet_medium.onnx,CIFAR100_resnet_medium_prop_idx_1498_sidx_792_eps_0.0039.vnnlib,3.320031,3.319747,142.4500,63.2900
CIFAR100_resnet_medium.onnx,CIFAR100_resnet_medium_prop_idx_1588_sidx_6654_eps_0.0039.vnnlib,5.263712,5.263414,177.8800,56.1300
CIFAR100_resnet_medium.onnx,CIFAR100_resnet_medium_prop_idx_1592_sidx_3741_eps_0.0039.vnnlib,3.303489,3.303192,127.3800,37.6300
CIFAR100_resnet_medium.onnx,CIFAR100_resnet_medium_prop_idx_1642_sidx_7494_eps_0.0039.vnnlib,5.145422,5.145047,123.5300,45.2800
CIFAR100_resnet_medium.onnx,CIFAR100_resnet_medium_prop_idx_1761_sidx_3933_eps_0.0039.vnnlib,3.265769,3.265360,183.7700,43.7100
CIFAR100_resnet_medium.onnx,CIFAR100_resnet_medium_prop_idx_1798_sidx_1061_eps_0.0039.vnnlib,4.019802,4.019575,98.6300,40.3100
CIFAR100_resnet_medium.onnx,CIFAR100_resnet_medium_prop_idx_2050_sidx_8228_eps_0.0039.vnnlib,5.142171,5.141613,113.0000,43.3800
CIFAR100_resnet_medium.onnx,CIFAR100_resnet_medium_prop_idx_2132_sidx_6868_eps_0.0039.vnnlib,3.717129,3.716710,187.2000,53.2300
CIFAR100_resnet_medium.onnx,CIFAR100_resnet_medium_prop_idx_2176_sidx_3285_eps_0.0039.vnnlib,4.291641,4.291318,147.7900,56.7300
CIFAR100_resnet_medium.onnx,CIFAR100_resnet_medium_prop_idx_230_sidx_1968_eps_0.0039.vnnlib,4.367835,4.367479,109.0800,42.8400
CIFAR100_resnet_medium.onnx,CIFAR100_resnet_medium_prop_idx_2352_sidx_2704_eps_0.0039.vnnlib,5.810671,5.810485,249.8700,54.1900
CIFAR100_resnet_medium.onnx,CIFAR100_resnet_medium_prop_idx_2477_sidx_388_eps_0.0039.vnnlib,5.449073,5.448732,192.7900,90.7800
CIFAR100_resnet_medium.onnx,CIFAR100_resnet_medium_prop_idx_2551_sidx_9941_eps_0.0039.vnnlib,5.481032,5.467615,103.8100,44.5600
CIFAR100_resnet_medium.onnx,CIFAR100_resnet_medium_prop_idx_2557_sidx_6196_eps_0.0039.vnnlib,5.013107,5.012752,136.7100,50.5600
CIFAR100_resnet_medium.onnx,CIFAR100_resnet_medium_prop_idx_2697_sidx_4836_eps_0.0039.vnnlib,4.761783,4.761472,189.8000,64.5300
CIFAR100_resnet_medium.onnx,CIFAR100_resnet_medium_prop_idx_2779_sidx_6416_eps_0.0039.vnnlib,6.310401,6.309973,221.2500,54.7400
CIFAR100_resnet_medium.onnx,CIFAR100_resnet_medium_prop_idx_2925_sidx_8815_eps_0.0039.vnnlib,5.280573,5.280188,107.4700,57.9000
CIFAR100_resnet_medium.onnx,CIFAR100_resnet_medium_prop_idx_3006_sidx_928_eps_0.0039.vnnlib,6.110195,6.109564,124.8700,46.4600
CIFAR100_resnet_medium.onnx,CIFAR100_resnet_medium_prop_idx_3184_sidx_9092_eps_0.0039.vnnlib,5.407382,5.406990,133.2900,52.7900
CIFAR100_resnet_medium.onnx,CIFAR100_resnet_medium_prop_idx_3247_sidx_1605_eps_0.0039.vnnlib,5.347450,5.347074,245.7900,55.7800
CIFAR100_resnet_medium.onnx,CIFAR100_resnet_medium_prop_idx_3343_sidx_1406_eps_0.0039.vnnlib,2.860729,2.860532,112.9700,37.4800
CIFAR100_resnet_medium.onnx,CIFAR100_resnet_medium_prop_idx_3418_sidx_4225_eps_0.0039.vnnlib,4.566239,4.566067,102.6500,38.6400
CIFAR100_resnet_medium.onnx,CIFAR100_resnet_medium_prop_idx_3852_sidx_2848_eps_0.0039.vnnlib,4.819096,4.818713,173.1000,48.7800
CIFAR100_resnet_medium.onnx,CIFAR100_resnet_medium_prop_idx_3898_sidx_9109_eps_0.0039.vnnlib,5.658492,5.658201,166.5300,52.8300
CIFAR100_resnet_medium.onnx,CIFAR100_resnet_medium_prop_idx_4169_sidx_9758_eps_0.0039.vnnlib,4.662621,4.662274,105.0000,48.9600
CIFAR100_resnet_medium.onnx,CIFAR100_resnet_medium_prop_idx_4191_sidx_3301_eps_0.0039.vnnlib,4.468904,4.468595,114.2000,41.6500
CIFAR100_resnet_medium.onnx,CIFAR100_resnet_medium_prop_idx_425_sidx_9099_eps_0.0039.vnnlib,4.607049,4.606779,119.5300,51.0300
CIFAR100_resnet_medium.onnx,CIFAR100_resnet_medium_prop_idx_4429_sidx_1471_eps_0.0039.vnnlib,3.057093,2.987818,40.3600,43.8600
CIFAR100_resnet_medium.onnx,CIFAR100_resnet_medium_prop_idx_4475_sidx_752_eps_0.0039.vnnlib,2.954951,2.954610,80.7400,41.4900
CIFAR100_resnet_medium.onnx,CIFAR100_resnet_medium_prop_idx_4597_sidx_282_eps_0.0039.vnnlib,2.955176,2.954962,150.2700,42.3500
CIFAR100_resnet_medium.onnx,CIFAR100_resnet_medium_prop_idx_4605_sidx_6225_eps_0.0039.vnnlib,4.589423,4.589129,110.6700,45.0700
CIFAR100_resnet_medium.onnx,CIFAR100_resnet_medium_prop_idx_4752_sidx_1800_eps_0.0039.vnnlib,2.443794,2.443639,79.4900,51.3900
CIFAR100_resnet_medium.onnx,CIFAR100_resnet_medium_prop_idx_4898_sidx_6695_eps_0.0039.vnnlib,4.314502,4.314153,148.0600,42.5800
CIFAR100_resnet_medium.onnx,CIFAR100_resnet_medium_prop_idx_4921_sidx_3617_eps_0.0039.vnnlib,5.411064,5.410769,197.6000,81.4700
CIFAR100_resnet_medium.onnx,CIFAR100_resnet_medium_prop_idx_4964_sidx_5266_eps_0.0039.vnnlib,3.131250,3.131030,111.7300,39.1400
CIFAR100_resnet_medium.onnx,CIFAR100_resnet_medium_prop_idx_5001_sidx_1154_eps_0.0039.vnnlib,4.238004,4.237773,87.0500,49.8800
CIFAR100_resnet_medium.onnx,CIFAR100_resnet_medium_prop_idx_5127_sidx_993_eps_0.0039.vnnlib,5.019634,5.019133,148.1100,44.3300
CIFAR100_resnet_medium.onnx,CIFAR100_resnet_medium_prop_idx_5242_sidx_1208_eps_0.0039.vnnlib,5.064357,5.064035,127.7900,46.8600
CIFAR100_resnet_medium.onnx,CIFAR100_resnet_medium_prop_idx_54_sidx_9735_eps_0.0039.vnnlib,4.382405,4.295108,125.1300,47.8400
CIFAR100_resnet_medium.onnx,CIFAR100_resnet_medium_prop_idx_5634_sidx_9441_eps_0.0039.vnnlib,4.589817,4.589531,190.4700,41.2300
CIFAR100_resnet_medium.onnx,CIFAR100_resnet_medium_prop_idx_5791_sidx_5659_eps_0.0039.vnnlib,4.677178,4.676771,175.6100,43.4800
CIFAR100_resnet_medium.onnx,CIFAR100_resnet_medium_prop_idx_5797_sidx_6343_eps_0.0039.vnnlib,4.123644,4.123394,176.3300,39.9600
CIFAR100_resnet_medium.onnx,CIFAR100_resnet_medium_prop_idx_5831_sidx_5506_eps_0.0039.vnnlib,6.876018,6.875518,236.9600,46.9500
CIFAR100_resnet_medium.onnx,CIFAR100_resnet_medium_prop_idx_5894_sidx_5577_eps_0.0039.vnnlib,4.161381,4.161094,99.7000,41.5700
CIFAR100_resnet_medium.onnx,CIFAR100_resnet_medium_prop_idx_5973_sidx_7841_eps_0.0039.vnnlib,3.802560,3.802248,146.6300,42.5000
CIFAR100_resnet_medium.onnx,CIFAR100_resnet_medium_prop_idx_6010_sidx_5369_eps_0.0039.vnnlib,6.102525,6.102086,108.0600,42.2100
CIFAR100_resnet_medium.onnx,CIFAR100_resnet_medium_prop_idx_6049_sidx_4719_eps_0.0039.vnnlib,6.185613,6.185306,121.3000,46.4600
CIFAR100_resnet_medium.onnx,CIFAR100_resnet_medium_prop_idx_6135_sidx_4586_eps_0.0039.vnnlib,4.698181,4.697991,134.0700,46.2900
CIFAR100_resnet_medium.onnx,CIFAR100_resnet_medium_prop_idx_6232_sidx_3020_eps_0.0039.vnnlib,4.301482,4.301031,129.8300,46.3300
CIFAR100_resnet_medium.onnx,CIFAR100_resnet_medium_prop_idx_6263_sidx_7644_eps_0.0039.vnnlib,3.882322,3.882087,81.0900,53.0900
CIFAR100_resnet_medium.onnx,CIFAR100_resnet_medium_prop_idx_6292_sidx_5430_eps_0.0039.vnnlib,3.913000,3.912553,104.7300,40.8300
CIFAR100_resnet_medium.onnx,CIFAR100_resnet_medium_prop_idx_6369_sidx_8824_eps_0.0039.vnnlib,6.370785,6.370293,148.1800,41.5300
CIFAR100_resnet_medium.onnx,CIFAR100_resnet_medium_prop_idx_6415_sidx_4543_eps_0.0039.vnnlib,5.066656,5.066259,116.1300,41.1900
CIFAR100_resnet_medium.onnx,CIFAR100_resnet_medium_prop_idx_6491_sidx_3620_eps_0.0039.vnnlib,4.190675,4.190351,107.9100,47.0500
CIFAR100_resnet_medium.onnx,CIFAR100_resnet_medium_prop_idx_6553_sidx_7265_eps_0.0039.vnnlib,6.349688,6.349302,150.3100,47.8700
CIFAR100_resnet_medium.onnx,CIFAR100_resnet_medium_prop_idx_6573_sidx_5525_eps_0.0039.vnnlib,3.986292,3.986102,169.3900,42.2900
CIFAR100_resnet_medium.onnx,CIFAR100_resnet_medium_prop_idx_6583_sidx_8860_eps_0.0039.vnnlib,6.274880,6.274379,216.7300,47.2300
CIFAR100_resnet_medium.onnx,CIFAR100_resnet_medium_prop_idx_6585_sidx_533_eps_0.0039.vnnlib,6.524972,6.524724,151.0700,44.8400
CIFAR100_resnet_medium.onnx,CIFAR100_resnet_medium_prop_idx_6659_sidx_4583_eps_0.0039.vnnlib,3.963660,3.963349,260.1400,55.2000
CIFAR100_resnet_medium.onnx,CIFAR100_resnet_medium_prop_idx_7034_sidx_4129_eps_0.0039.vnnlib,5.208461,5.208068,119.4300,44.3800
CIFAR100_resnet_medium.onnx,CIFAR100_resnet_medium_prop_idx_7176_sidx_1522_eps_0.0039.vnnlib,3.657983,3.657623,139.4300,51.4300
CIFAR100_resnet_medium.onnx,CIFAR100_resnet_medium_prop_idx_7258_sidx_3539_eps_0.0039.vnnlib,5.609127,5.608710,116.1600,57.6800
CIFAR100_resnet_medium.onnx,CIFAR100_resnet_medium_prop_idx_7431_sidx_7329_eps_0.0039.vnnlib,3.696400,3.696132,124.8800,39.8800
CIFAR100_resnet_medium.onnx,CIFAR100_resnet_medium_prop_idx_7470_sidx_4555_eps_0.0039.vnnlib,3.893483,3.893070,92.1300,42.6500
CIFAR100_resnet_medium.onnx,CIFAR100_resnet_medium_prop_idx_7478_sidx_6593_eps_0.0039.vnnlib,5.040019,5.039794,140.9300,45.3500
CIFAR100_resnet_medium.onnx,CIFAR100_resnet_medium_prop_idx_7500_sidx_40_eps_0.0039.vnnlib,3.360776,3.360564,80.8400,38.5800
CIFAR100_resnet_medium.onnx,CIFAR100_resnet_medium_prop_idx_7569_sidx_2906_eps_0.0039.vnnlib,2.532609,2.532493,152.2400,51.5900
CIFAR100_resnet_medium.onnx,CIFAR100_resnet_medium_prop_idx_7641_sidx_1041_eps_0.0039.vnnlib,4.102564,4.102312,105.3300,130.3800
CIFAR100_resnet_medium.onnx,CIFAR100_resnet_medium_prop_idx_7658_sidx_1537_eps_0.0039.vnnlib,5.349305,5.349053,150.9900,47.6800
CIFAR100_resnet_medium.onnx,CIFAR100_resnet_medium_prop_idx_7704_sidx_3701_eps_0.0039.vnnlib,7.123320,7.095927,120.9400,47.3400
CIFAR100_resnet_medium.onnx,CIFAR100_resnet_medium_prop_idx_815_sidx_1902_eps_0.0039.vnnlib,4.170383,4.170025,129.0300,43.9700
CIFAR100_resnet_medium.onnx,CIFAR100_resnet_medium_prop_idx_8196_sidx_3864_eps_0.0039.vnnlib,5.282530,5.282275,130.3600,47.7100
CIFAR100_resnet_medium.onnx,CIFAR100_resnet_medium_prop_idx_8330_sidx_7593_eps_0.0039.vnnlib,4.177137,4.176619,102.0500,38.8400
CIFAR100_resnet_medium.onnx,CIFAR100_resnet_medium_prop_idx_8450_sidx_9332_eps_0.0039.vnnlib,5.225945,5.225319,121.8600,48.6600
CIFAR100_resnet_medium.onnx,CIFAR100_resnet_medium_prop_idx_8502_sidx_2893_eps_0.0039.vnnlib,3.802117,3.801856,103.9300,43.1500
CIFAR100_resnet_medium.onnx,CIFAR100_resnet_medium_prop_idx_8505_sidx_1690_eps_0.0039.vnnlib,5.763156,5.762747,260.7000,55.2700
CIFAR100_resnet_medium.onnx,CIFAR100_resnet_medium_prop_idx_8523_sidx_9936_eps_0.0039.vnnlib,5.381168,5.380977,135.7400,41.0300
CIFAR100_resnet_medium.onnx,CIFAR100_resnet_medium_prop_idx_854_sidx_6893_eps_0.0039.vnnlib,3.881744,3.881478,145.3300,44.5500
CIFAR100_resnet_medium.onnx,CIFAR100_resnet_medium_prop_idx_8594_sidx_5815_eps_0.0039.vnnlib,3.523195,3.523071,90.3400,54.1700
CIFAR100_resnet_medium.onnx,CIFAR100_resnet_medium_prop_idx_8600_sidx_2721_eps_0.0039.vnnlib,3.012583,3.012259,81.9400,38.0700
CIFAR100_resnet_medium.onnx,CIFAR100_resnet_medium_prop_idx_8619_sidx_4461_eps_0.0039.vnnlib,3.564056,3.563637,99.1800,37.1600
CIFAR100_resnet_medium.onnx,CIFAR100_resnet_medium_prop_idx_8642_sidx_9095_eps_0.0039.vnnlib,3.889904,3.889712,84.1800,49.3700
CIFAR100_resnet_medium.onnx,CIFAR100_resnet_medium_prop_idx_8739_sidx_1540_eps_0.0039.vnnlib,4.703128,4.702722,183.5400,42.4900
CIFAR100_resnet_medium.onnx,CIFAR100_resnet_medium_prop_idx_8762_sidx_3374_eps_0.0039.vnnlib,5.169044,5.168705,124.0300,45.4500
CIFAR100_resnet_medium.onnx,CIFAR100_resnet_medium_prop_idx_885_sidx_7654_eps_0.0039.vnnlib,3.536484,3.536281,101.9000,42.8100
CIFAR100_resnet_medium.onnx,CIFAR100_resnet_medium_prop_idx_8945_sidx_3584_eps_0.0039.vnnlib,1.984637,1.984435,63.1100,36.2700
CIFAR100_resnet_medium.onnx,CIFAR100_resnet_medium_prop_idx_913_sidx_2404_eps_0.0039.vnnlib,5.415647,5.415394,114.5700,50.4300
CIFAR100_resnet_medium.onnx,CIFAR100_resnet_medium_prop_idx_9162_sidx_4337_eps_0.0039.vnnlib,4.050945,4.050574,98.9800,36.8800
CIFAR100_resnet_medium.onnx,CIFAR100_resnet_medium_prop_idx_9313_sidx_6462_eps_0.0039.vnnlib,6.914356,6.913884,145.9600,52.9000
CIFAR100_resnet_medium.onnx,CIFAR100_resnet_medium_prop_idx_9502_sidx_7197_eps_0.0039.vnnlib,3.961832,3.961461,85.5300,39.7700
CIFAR100_resnet_medium.onnx,CIFAR100_resnet_medium_prop_idx_9518_sidx_9183_eps_0.0039.vnnlib,6.433205,6.432907,156.4800,48.8800
CIFAR100_resnet_medium.onnx,CIFAR100_resnet_medium_prop_idx_9658_sidx_1660_eps_0.0039.vnnlib,7.328270,7.327869,178.0300,46.2600
CIFAR100_resnet_medium.onnx,CIFAR100_resnet_medium_prop_idx_9665_sidx_9074_eps_0.0039.vnnlib,5.041645,5.041275,112.1000,40.4300
CIFAR100_resnet_medium.onnx,CIFAR100_resnet_medium_prop_idx_966_sidx_2330_eps_0.0039.vnnlib,5.676000,5.675730,247.7000,48.4000
CIFAR100_resnet_medium.onnx,CIFAR100_resnet_medium_prop_idx_9694_sidx_2810_eps_0.0039.vnnlib,4.207394,4.206934,173.7400,47.0800
CIFAR100_resnet_medium.onnx,CIFAR100_resnet_medium_prop_idx_9726_sidx_4400_eps_0.0039.vnnlib,5.517626,5.517129,204.2100,50.0700
CIFAR100_resnet_medium.onnx,CIFAR100_resnet_medium_prop_idx_9845_sidx_200_eps_0.0039.vnnlib,2.767824,2.767652,80.6300,41.2300
CIFAR100_resnet_medium.onnx,CIFAR100_resnet_medium_prop_idx_9897_sidx_9124_eps_0.0039.vnnlib,4.045538,4.045244,103.2700,39.9700
