onnx_file,vnnlib_file,abcrown_bound_width,luna_bound_width,abcrown_runtime,luna_runtime
NN_rul_full_window_20.onnx,if_then_7levels_w20.vnnlib,805.568489,809.965248,11.6900,13.2300
NN_rul_full_window_20.onnx,if_then_9levels_w20.vnnlib,691.395119,693.016273,12.8000,22.5600
NN_rul_full_window_20.onnx,monotonicity_CI_shift10_w20.vnnlib,0.291847,0.291847,4.9300,3.7900
NN_rul_full_window_20.onnx,monotonicity_CI_shift20_w20.vnnlib,2.450043,2.445297,5.2700,7.5000
NN_rul_full_window_20.onnx,monotonicity_CI_shift5_w20.vnnlib,0.248718,0.248734,5.3000,3.4400
NN_rul_full_window_20.onnx,robustness_16perturbations_delta10_epsilon10_w20.vnnlib,2.464066,2.464050,5.5300,5.7600
NN_rul_full_window_20.onnx,robustness_16perturbations_delta20_epsilon10_w20.vnnlib,6.335922,6.200714,5.2700,9.0300
NN_rul_full_window_20.onnx,robustness_16perturbations_delta40_epsilon10_w20.vnnlib,17.762337,17.762352,5.8700,6.1000
NN_rul_full_window_20.onnx,robustness_16perturbations_delta5_epsilon10_w20.vnnlib,2.825775,2.731522,5.2800,5.6800
NN_rul_full_window_20.onnx,robustness_2perturbations_delta10_epsilon10_w20.vnnlib,0.125610,0.125336,5.3600,2.4300
NN_rul_full_window_20.onnx,robustness_2perturbations_delta20_epsilon10_w20.vnnlib,0.423660,0.378265,4.8100,4.1400
NN_rul_full_window_20.onnx,robustness_2perturbations_delta40_epsilon10_w20.vnnlib,0.552200,0.479370,6.1600,7.0600
NN_rul_full_window_20.onnx,robustness_2perturbations_delta5_epsilon10_w20.vnnlib,0.100266,0.100250,5.4400,3.2700
NN_rul_full_window_20.onnx,robustness_4perturbations_delta10_epsilon10_w20.vnnlib,0.790527,0.790497,5.8300,5.4700
NN_rul_full_window_20.onnx,robustness_4perturbations_delta20_epsilon10_w20.vnnlib,2.967087,2.967102,5.1500,4.1600
NN_rul_full_window_20.onnx,robustness_4perturbations_delta40_epsilon10_w20.vnnlib,23.209549,23.228516,5.7800,6.8300
NN_rul_full_window_20.onnx,robustness_4perturbations_delta5_epsilon10_w20.vnnlib,0.060181,0.060120,5.0300,0.9600
NN_rul_full_window_20.onnx,robustness_8perturbations_delta10_epsilon10_w20.vnnlib,1.775421,1.752502,4.9000,19.1700
NN_rul_full_window_20.onnx,robustness_8perturbations_delta20_epsilon10_w20.vnnlib,12.676437,11.788895,5.1700,14.9000
NN_rul_full_window_20.onnx,robustness_8perturbations_delta40_epsilon10_w20.vnnlib,3.212860,2.997619,4.8300,10.4500
NN_rul_full_window_20.onnx,robustness_8perturbations_delta5_epsilon10_w20.vnnlib,0.744232,0.737976,6.2000,3.0700
NN_rul_full_window_40.onnx,monotonicity_CI_shift10_w40.vnnlib,1.361145,1.361145,4.8700,0.8500
NN_rul_full_window_40.onnx,monotonicity_CI_shift20_w40.vnnlib,3.277542,3.277558,5.2400,3.9800
NN_rul_full_window_40.onnx,monotonicity_CI_shift5_w40.vnnlib,0.305084,0.305100,5.3600,0.7500
NN_rul_full_window_40.onnx,robustness_16perturbations_delta10_epsilon10_w40.vnnlib,3.834892,3.745545,4.8800,3.6500
NN_rul_full_window_40.onnx,robustness_16perturbations_delta20_epsilon10_w40.vnnlib,4.865341,4.661851,5.2400,13.3300
NN_rul_full_window_40.onnx,robustness_16perturbations_delta40_epsilon10_w40.vnnlib,7.945511,6.047806,4.8600,26.4300
NN_rul_full_window_40.onnx,robustness_16perturbations_delta5_epsilon10_w40.vnnlib,1.148010,1.090515,5.0000,7.5800
NN_rul_full_window_40.onnx,robustness_2perturbations_delta10_epsilon10_w40.vnnlib,0.412201,0.412201,5.3500,0.7700
NN_rul_full_window_40.onnx,robustness_2perturbations_delta20_epsilon10_w40.vnnlib,0.242310,0.211578,4.8600,3.0000
NN_rul_full_window_40.onnx,robustness_2perturbations_delta40_epsilon10_w40.vnnlib,0.490616,0.487793,5.2300,5.0400
NN_rul_full_window_40.onnx,robustness_2perturbations_delta5_epsilon10_w40.vnnlib,0.052765,0.052765,4.9000,1.3900
NN_rul_full_window_40.onnx,robustness_4perturbations_delta10_epsilon10_w40.vnnlib,1.157715,1.189003,6.1300,2.3100
NN_rul_full_window_40.onnx,robustness_4perturbations_delta20_epsilon10_w40.vnnlib,0.755493,0.755493,4.8500,0.8800
NN_rul_full_window_40.onnx,robustness_4perturbations_delta40_epsilon10_w40.vnnlib,1.767189,1.767182,6.3000,3.5300
NN_rul_full_window_40.onnx,robustness_4perturbations_delta5_epsilon10_w40.vnnlib,0.115280,0.115280,5.1600,0.8400
NN_rul_full_window_40.onnx,robustness_8perturbations_delta10_epsilon10_w40.vnnlib,1.423782,1.422791,5.3800,3.3900
NN_rul_full_window_40.onnx,robustness_8perturbations_delta20_epsilon10_w40.vnnlib,1.696411,1.576736,4.8500,6.5400
NN_rul_full_window_40.onnx,robustness_8perturbations_delta40_epsilon10_w40.vnnlib,10.786423,10.716515,8.6100,14.1900
NN_rul_full_window_40.onnx,robustness_8perturbations_delta5_epsilon10_w40.vnnlib,0.528793,0.528779,4.8500,1.7300
NN_rul_small_window_20.onnx,if_then_5levels_w20.vnnlib,151.046648,153.829981,9.6600,14.5800
NN_rul_small_window_20.onnx,if_then_7levels_w20.vnnlib,262.620593,263.007997,8.9400,14.0000
NN_rul_small_window_20.onnx,if_then_9levels_w20.vnnlib,110.122740,112.153559,7.7300,12.4300
NN_rul_small_window_20.onnx,monotonicity_CI_shift10_w20.vnnlib,0.626183,0.626183,5.0300,0.8400
NN_rul_small_window_20.onnx,monotonicity_CI_shift20_w20.vnnlib,3.982002,3.921219,6.4300,12.6300
NN_rul_small_window_20.onnx,monotonicity_CI_shift5_w20.vnnlib,0.902763,0.900917,5.4800,4.6300
NN_rul_small_window_20.onnx,robustness_16perturbations_delta10_epsilon10_w20.vnnlib,3.166386,3.166405,5.8600,4.9000
NN_rul_small_window_20.onnx,robustness_16perturbations_delta20_epsilon10_w20.vnnlib,7.598465,7.528717,6.1900,8.7600
NN_rul_small_window_20.onnx,robustness_16perturbations_delta40_epsilon10_w20.vnnlib,21.627960,21.627503,5.7500,13.1900
NN_rul_small_window_20.onnx,robustness_16perturbations_delta5_epsilon10_w20.vnnlib,2.437363,2.437378,5.3300,2.7400
NN_rul_small_window_20.onnx,robustness_2perturbations_delta10_epsilon10_w20.vnnlib,0.182358,0.182343,5.1800,0.8500
NN_rul_small_window_20.onnx,robustness_2perturbations_delta20_epsilon10_w20.vnnlib,0.441788,0.441635,4.8900,5.3900
NN_rul_small_window_20.onnx,robustness_2perturbations_delta40_epsilon10_w20.vnnlib,1.473511,1.468719,5.9500,4.1800
NN_rul_small_window_20.onnx,robustness_2perturbations_delta5_epsilon10_w20.vnnlib,0.130981,0.130974,5.1500,0.8500
NN_rul_small_window_20.onnx,robustness_4perturbations_delta10_epsilon10_w20.vnnlib,0.820984,0.820984,5.6900,0.8500
NN_rul_small_window_20.onnx,robustness_4perturbations_delta20_epsilon10_w20.vnnlib,3.602844,3.602867,5.5000,0.9000
NN_rul_small_window_20.onnx,robustness_4perturbations_delta40_epsilon10_w20.vnnlib,24.402992,24.402969,6.0500,5.4800
NN_rul_small_window_20.onnx,robustness_4perturbations_delta5_epsilon10_w20.vnnlib,0.960327,0.960296,4.9900,0.8700
NN_rul_small_window_20.onnx,robustness_8perturbations_delta10_epsilon10_w20.vnnlib,1.974991,1.974961,5.1900,3.7500
NN_rul_small_window_20.onnx,robustness_8perturbations_delta20_epsilon10_w20.vnnlib,9.489929,9.417602,4.8600,5.4700
NN_rul_small_window_20.onnx,robustness_8perturbations_delta40_epsilon10_w20.vnnlib,4.824829,4.621612,4.9300,8.7300
NN_rul_small_window_20.onnx,robustness_8perturbations_delta5_epsilon10_w20.vnnlib,0.406830,0.406800,4.8700,1.6600
