onnx_file,vnnlib_file,abcrown_bound_width,luna_bound_width,abcrown_runtime,luna_runtime
mnist-point.onnx,mnist-img0.vnnlib,13816.381212,13895.711046,12.2400,12.2100
mnist-point.onnx,mnist-img1.vnnlib,37249.708116,37479.038737,11.4800,8.8700
mnist-point.onnx,mnist-img10.vnnlib,12894.962131,12973.085070,10.7600,14.7000
mnist-point.onnx,mnist-img11.vnnlib,18261.673937,18421.082465,11.2700,13.5400
mnist-point.onnx,mnist-img13.vnnlib,10607.592909,10669.816515,12.2900,18.7700
mnist-point.onnx,mnist-img14.vnnlib,23423.849175,23582.960178,11.4300,11.2300
mnist-point.onnx,mnist-img15.vnnlib,7794.139730,7841.740723,12.2300,10.8300
mnist-point.onnx,mnist-img16.vnnlib,23496.292752,23625.687500,12.5400,12.0900
mnist-point.onnx,mnist-img17.vnnlib,25275.729384,25439.860352,11.5900,8.9300
mnist-point.onnx,mnist-img18.vnnlib,21984.662109,22125.951063,13.7000,9.6300
mnist-point.onnx,mnist-img19.vnnlib,23901.144965,24062.885634,12.3700,10.0300
mnist-point.onnx,mnist-img2.vnnlib,26056.102214,26227.019097,14.3500,11.0300
mnist-point.onnx,mnist-img20.vnnlib,19050.198242,19172.522895,11.3000,12.6900
mnist-point.onnx,mnist-img3.vnnlib,9627.205675,9704.382677,10.7300,11.9700
mnist-point.onnx,mnist-img4.vnnlib,9807.925401,9870.812419,12.3400,10.9700
mnist-point.onnx,mnist-img5.vnnlib,15938.168945,16034.307237,12.3300,9.9300
mnist-point.onnx,mnist-img6.vnnlib,13331.603570,13403.094021,11.2000,9.7700
mnist-point.onnx,mnist-img7.vnnlib,27611.727322,27796.600369,12.3500,13.3700
mnist-point.onnx,mnist-img8.vnnlib,15201.870497,15287.809245,11.3700,9.1600
mnist-point.onnx,mnist-img9.vnnlib,17506.688205,17622.933594,12.3300,9.9300
mnist-set.onnx,mnist-img0.vnnlib,2.968750,2.434314,5.3300,10.0300
mnist-set.onnx,mnist-img1.vnnlib,0.030188,0.027012,4.9300,12.6700
mnist-set.onnx,mnist-img10.vnnlib,0.316127,0.302414,4.9000,13.7500
mnist-set.onnx,mnist-img11.vnnlib,0.126238,0.117445,4.9900,10.3400
mnist-set.onnx,mnist-img13.vnnlib,2.829960,2.175388,5.4300,10.1000
mnist-set.onnx,mnist-img14.vnnlib,0.124795,0.033505,4.8900,20.9300
mnist-set.onnx,mnist-img15.vnnlib,0.360534,0.344279,4.9300,9.5400
mnist-set.onnx,mnist-img16.vnnlib,5.573974,5.574038,7.4000,15.9600
mnist-set.onnx,mnist-img17.vnnlib,0.887547,0.676344,4.8700,9.0300
mnist-set.onnx,mnist-img18.vnnlib,0.119211,0.103783,4.9100,11.0300
mnist-set.onnx,mnist-img19.vnnlib,0.504990,0.377567,6.1300,10.8600
mnist-set.onnx,mnist-img2.vnnlib,0.012776,0.011994,5.3400,13.8800
mnist-set.onnx,mnist-img20.vnnlib,2.365018,1.731499,5.0300,9.3300
mnist-set.onnx,mnist-img3.vnnlib,0.202359,0.183759,4.8500,11.8300
mnist-set.onnx,mnist-img4.vnnlib,2.707857,2.310818,5.0800,14.5700
mnist-set.onnx,mnist-img5.vnnlib,0.223717,0.219778,5.3300,8.4300
mnist-set.onnx,mnist-img6.vnnlib,0.467502,0.401151,4.9700,11.1500
mnist-set.onnx,mnist-img7.vnnlib,0.013095,0.012038,5.1700,7.6900
mnist-set.onnx,mnist-img8.vnnlib,0.264764,0.211782,5.0500,11.8400
mnist-set.onnx,mnist-img9.vnnlib,1.136264,0.981777,6.1700,10.1100
mnist-trades.onnx,mnist-img0.vnnlib,17521.781576,17619.041775,10.7400,14.0900
mnist-trades.onnx,mnist-img1.vnnlib,46106.484809,46340.149306,12.4900,15.0300
mnist-trades.onnx,mnist-img10.vnnlib,12959.032227,13029.293837,11.8100,9.1300
mnist-trades.onnx,mnist-img11.vnnlib,21393.327365,21527.312012,11.7600,13.7400
mnist-trades.onnx,mnist-img13.vnnlib,8761.061578,8807.239990,10.7300,9.7400
mnist-trades.onnx,mnist-img14.vnnlib,18947.186632,19051.360677,13.2700,11.1300
mnist-trades.onnx,mnist-img15.vnnlib,6117.765625,6151.647203,10.5500,11.5700
mnist-trades.onnx,mnist-img16.vnnlib,23484.294108,23595.900228,10.8500,9.9400
mnist-trades.onnx,mnist-img17.vnnlib,21099.141710,21200.920681,11.8000,13.9600
mnist-trades.onnx,mnist-img18.vnnlib,24511.050836,24638.405219,10.6700,9.8300
mnist-trades.onnx,mnist-img19.vnnlib,23423.635525,23539.318468,10.7600,11.0100
mnist-trades.onnx,mnist-img2.vnnlib,23557.151367,23695.447049,10.7500,12.7800
mnist-trades.onnx,mnist-img20.vnnlib,18242.849013,18340.435113,11.9400,10.3000
mnist-trades.onnx,mnist-img3.vnnlib,3812.612427,3833.127035,11.5500,9.8800
mnist-trades.onnx,mnist-img4.vnnlib,8257.620768,8296.988959,10.6500,13.5000
mnist-trades.onnx,mnist-img5.vnnlib,10975.814535,11029.043186,10.7400,8.6800
mnist-trades.onnx,mnist-img6.vnnlib,5673.240343,5704.296360,11.5300,10.5400
mnist-trades.onnx,mnist-img7.vnnlib,25334.994575,25466.565430,10.8300,21.5500
mnist-trades.onnx,mnist-img8.vnnlib,18010.567437,18099.185764,11.7000,11.7600
mnist-trades.onnx,mnist-img9.vnnlib,13029.764486,13095.116320,10.7400,9.1800
