onnx_file,vnnlib_file,abcrown_bound_width,luna_bound_width,abcrown_runtime,luna_runtime
AllInOne_10_10.onnx,prop_10_10.vnnlib,4.185398,6.057163,6.9300,1.8700
AllInOne_10_10.onnx,prop_10_10_0.vnnlib,0.786747,0.598912,5.0700,2.7400
AllInOne_10_10.onnx,prop_10_10_1.vnnlib,0.942249,0.713829,4.8500,3.1300
AllInOne_10_10.onnx,prop_10_10_2.vnnlib,0.916023,0.737847,5.2600,2.8300
AllInOne_10_10.onnx,prop_10_10_3.vnnlib,0.723301,0.572762,4.8800,2.8300
AllInOne_10_10.onnx,prop_10_10_4.vnnlib,0.808121,0.613975,5.4100,2.5300
AllInOne_120_120.onnx,prop_120_120.vnnlib,18.620615,55.711315,6.1300,1.5300
AllInOne_120_120.onnx,prop_120_120_0.vnnlib,4.816540,4.808395,6.2000,3.6800
AllInOne_120_120.onnx,prop_120_120_1.vnnlib,2.934271,2.655655,5.7000,3.5400
AllInOne_120_120.onnx,prop_120_120_2.vnnlib,3.682304,3.047028,6.0300,3.0300
AllInOne_120_120.onnx,prop_120_120_3.vnnlib,2.614296,2.383427,5.3800,3.0800
AllInOne_120_120.onnx,prop_120_120_4.vnnlib,7.562244,7.083256,6.3500,3.3900
AllInOne_120_30.onnx,prop_120_30.vnnlib,225.657494,219.136933,8.3000,3.4400
AllInOne_120_30.onnx,prop_120_30_0.vnnlib,19.762674,20.223951,6.7000,3.1400
AllInOne_120_30.onnx,prop_120_30_1.vnnlib,51.788588,54.526344,7.7900,3.3900
AllInOne_120_30.onnx,prop_120_30_2.vnnlib,57.900055,57.612160,6.8300,3.2900
AllInOne_120_30.onnx,prop_120_30_3.vnnlib,46.932393,40.631046,7.7300,3.1700
AllInOne_120_30.onnx,prop_120_30_4.vnnlib,95.633106,93.014423,6.8500,3.3900
AllInOne_120_50.onnx,prop_120_50.vnnlib,168.722000,167.970596,6.9800,3.4700
AllInOne_120_50.onnx,prop_120_50_0.vnnlib,71.969499,70.830988,7.4300,3.2900
AllInOne_120_50.onnx,prop_120_50_1.vnnlib,46.535027,41.217198,6.4300,3.5400
AllInOne_120_50.onnx,prop_120_50_2.vnnlib,59.658586,51.633896,7.0300,3.2800
AllInOne_120_50.onnx,prop_120_50_3.vnnlib,66.023291,53.856877,6.4600,3.4400
AllInOne_120_50.onnx,prop_120_50_4.vnnlib,42.099334,38.591339,7.4300,3.5900
AllInOne_30_30.onnx,prop_30_30.vnnlib,8.028903,21.104413,6.1900,1.5300
AllInOne_30_30.onnx,prop_30_30_0.vnnlib,1.064809,0.808961,5.3600,2.6900
AllInOne_30_30.onnx,prop_30_30_1.vnnlib,0.597252,0.411486,4.8700,2.7800
AllInOne_30_30.onnx,prop_30_30_2.vnnlib,1.150076,0.854327,5.3000,3.0900
AllInOne_30_30.onnx,prop_30_30_3.vnnlib,1.628891,1.212360,4.9000,2.9700
AllInOne_30_30.onnx,prop_30_30_4.vnnlib,0.980680,0.935611,5.9500,3.0300
AllInOne_30_80.onnx,prop_30_80.vnnlib,160.282383,161.284600,6.8700,3.5400
AllInOne_30_80.onnx,prop_30_80_0.vnnlib,38.849802,41.550173,7.7800,3.3400
AllInOne_30_80.onnx,prop_30_80_1.vnnlib,40.278099,41.991452,6.7000,3.4300
AllInOne_30_80.onnx,prop_30_80_2.vnnlib,12.377237,13.280764,7.0500,3.0700
AllInOne_30_80.onnx,prop_30_80_3.vnnlib,12.090130,13.009679,6.4900,3.2300
AllInOne_30_80.onnx,prop_30_80_4.vnnlib,6.565358,6.588390,6.6700,3.1300
AllInOne_50_120.onnx,prop_50_120.vnnlib,242.398350,246.075577,6.9400,3.2800
AllInOne_50_120.onnx,prop_50_120_0.vnnlib,65.155113,66.143100,7.4700,3.6300
AllInOne_50_120.onnx,prop_50_120_1.vnnlib,47.853179,43.122896,6.3100,3.3000
AllInOne_50_120.onnx,prop_50_120_2.vnnlib,59.354557,60.450558,7.3600,3.3300
AllInOne_50_120.onnx,prop_50_120_3.vnnlib,64.651688,66.034603,6.7900,3.1300
AllInOne_50_120.onnx,prop_50_120_4.vnnlib,45.431148,47.404320,7.5300,3.4300
AllInOne_50_50.onnx,prop_50_50.vnnlib,134.731272,133.881866,7.0500,3.5300
AllInOne_50_50.onnx,prop_50_50_0.vnnlib,7.616828,7.872916,7.4100,3.0300
AllInOne_50_50.onnx,prop_50_50_1.vnnlib,3.012227,2.989046,5.9700,2.7900
AllInOne_50_50.onnx,prop_50_50_2.vnnlib,10.723933,38.890431,7.4400,1.5300
AllInOne_50_50.onnx,prop_50_50_3.vnnlib,7.807652,7.999385,6.4300,3.1300
AllInOne_50_50.onnx,prop_50_50_4.vnnlib,20.255341,19.186358,6.8100,3.0300
AllInOne_80_30.onnx,prop_80_30.vnnlib,329.243210,329.076630,6.9400,3.2400
AllInOne_80_30.onnx,prop_80_30_0.vnnlib,80.808077,82.813629,6.8300,3.1800
AllInOne_80_30.onnx,prop_80_30_1.vnnlib,38.960592,41.984433,7.9500,3.2500
AllInOne_80_30.onnx,prop_80_30_2.vnnlib,44.496243,46.939140,6.8800,3.5300
AllInOne_80_30.onnx,prop_80_30_3.vnnlib,25.890954,27.116029,7.8600,3.2800
AllInOne_80_30.onnx,prop_80_30_4.vnnlib,33.425142,35.185710,6.7100,3.2500
AllInOne_80_80.onnx,prop_80_80.vnnlib,224.362286,230.936447,7.5800,3.5500
AllInOne_80_80.onnx,prop_80_80_0.vnnlib,22.587498,21.037667,6.2600,3.3300
AllInOne_80_80.onnx,prop_80_80_1.vnnlib,3.822254,3.912567,6.8300,3.0400
AllInOne_80_80.onnx,prop_80_80_2.vnnlib,40.129860,38.520957,6.3300,3.4900
AllInOne_80_80.onnx,prop_80_80_3.vnnlib,22.462022,19.976987,7.3300,3.1800
AllInOne_80_80.onnx,prop_80_80_4.vnnlib,51.525619,48.258057,6.3800,3.1300
