onnx_file,vnnlib_file,abcrown_bound_width,luna_bound_width,abcrown_runtime,luna_runtime
malware_malimg_family_scaled_16-25.onnx,malbeware_family-Adialer.C_label-0_eps-1_idx-4.vnnlib,3.419449,3.368262,4.8900,23.3600
malware_malimg_family_scaled_16-25.onnx,malbeware_family-Agent.FYI_label-1_eps-2_idx-8.vnnlib,5.400816,5.334867,4.8800,56.2400
malware_malimg_family_scaled_16-25.onnx,malbeware_family-Agent.FYI_label-1_eps-3_idx-8.vnnlib,8.332943,8.194044,6.1800,23.1800
malware_malimg_family_scaled_16-25.onnx,malbeware_family-Allaple.A_label-2_eps-2_idx-13.vnnlib,10.742987,10.492817,4.8500,27.2300
malware_malimg_family_scaled_16-25.onnx,malbeware_family-Allaple.A_label-2_eps-3_idx-11.vnnlib,16.310325,16.310325,6.5800,33.8600
malware_malimg_family_scaled_16-25.onnx,malbeware_family-Allaple.A_label-2_eps-3_idx-12.vnnlib,16.792452,16.792441,6.6100,34.0000
malware_malimg_family_scaled_16-25.onnx,malbeware_family-Allaple.L_label-3_eps-1_idx-18.vnnlib,4.849627,4.800619,5.0300,20.3300
malware_malimg_family_scaled_16-25.onnx,malbeware_family-Allaple.L_label-3_eps-2_idx-16.vnnlib,10.343254,10.140835,4.8900,27.2300
malware_malimg_family_scaled_16-25.onnx,malbeware_family-Allaple.L_label-3_eps-2_idx-18.vnnlib,10.034896,10.034871,7.8500,28.4300
malware_malimg_family_scaled_16-25.onnx,malbeware_family-Allaple.L_label-3_eps-3_idx-16.vnnlib,15.806042,15.786029,6.7600,32.4700
malware_malimg_family_scaled_16-25.onnx,malbeware_family-Alueron.gen!J_label-4_eps-1_idx-23.vnnlib,3.586955,3.547498,5.3100,19.5800
malware_malimg_family_scaled_16-25.onnx,malbeware_family-Alueron.gen!J_label-4_eps-3_idx-21.vnnlib,11.606638,11.606645,6.3400,32.1500
malware_malimg_family_scaled_16-25.onnx,malbeware_family-Autorun.K_label-5_eps-1_idx-25.vnnlib,3.808716,3.749620,5.1700,21.0400
malware_malimg_family_scaled_16-25.onnx,malbeware_family-Autorun.K_label-5_eps-1_idx-27.vnnlib,3.808713,3.749618,5.1000,21.0700
malware_malimg_family_scaled_16-25.onnx,malbeware_family-Autorun.K_label-5_eps-1_idx-28.vnnlib,3.808716,3.749620,4.8600,22.0000
malware_malimg_family_scaled_16-25.onnx,malbeware_family-Autorun.K_label-5_eps-2_idx-29.vnnlib,8.243485,7.993870,5.1500,30.4500
malware_malimg_family_scaled_16-25.onnx,malbeware_family-C2LOP.P_label-6_eps-2_idx-30.vnnlib,9.015076,9.015066,6.6300,29.2300
malware_malimg_family_scaled_16-25.onnx,malbeware_family-C2LOP.P_label-6_eps-2_idx-31.vnnlib,8.953381,8.953383,6.5500,29.5500
malware_malimg_family_scaled_16-25.onnx,malbeware_family-Dialplatform.B_label-8_eps-1_idx-40.vnnlib,3.143749,3.120164,5.5600,17.3600
malware_malimg_family_scaled_16-25.onnx,malbeware_family-Dialplatform.B_label-8_eps-2_idx-43.vnnlib,6.551641,6.461744,5.2300,22.2600
malware_malimg_family_scaled_16-25.onnx,malbeware_family-Dontovo.A_label-9_eps-1_idx-48.vnnlib,2.179846,2.168554,5.4300,17.8700
malware_malimg_family_scaled_16-25.onnx,malbeware_family-Fakerean_label-10_eps-3_idx-54.vnnlib,13.247399,13.247383,7.5500,28.2300
malware_malimg_family_scaled_16-25.onnx,malbeware_family-Instantaccess_label-11_eps-2_idx-55.vnnlib,9.282112,9.070060,4.9300,25.7300
malware_malimg_family_scaled_16-25.onnx,malbeware_family-Instantaccess_label-11_eps-2_idx-57.vnnlib,9.260079,9.052461,5.1300,26.1300
malware_malimg_family_scaled_16-25.onnx,malbeware_family-Lolyda.AA1_label-12_eps-3_idx-60.vnnlib,9.536895,9.376852,5.2800,26.4600
malware_malimg_family_scaled_16-25.onnx,malbeware_family-Lolyda.AA1_label-12_eps-3_idx-64.vnnlib,9.593684,9.412793,5.3900,25.9900
malware_malimg_family_scaled_16-25.onnx,malbeware_family-Lolyda.AA2_label-13_eps-1_idx-66.vnnlib,2.658460,2.640302,5.5500,17.9900
malware_malimg_family_scaled_16-25.onnx,malbeware_family-Lolyda.AA2_label-13_eps-2_idx-68.vnnlib,5.570022,5.494304,5.8400,59.7000
malware_malimg_family_scaled_16-25.onnx,malbeware_family-Lolyda.AA3_label-14_eps-1_idx-71.vnnlib,3.549866,3.547020,4.8400,15.3400
malware_malimg_family_scaled_16-25.onnx,malbeware_family-Lolyda.AA3_label-14_eps-3_idx-71.vnnlib,11.293594,11.244519,4.8800,24.6400
malware_malimg_family_scaled_16-25.onnx,malbeware_family-Lolyda.AT_label-15_eps-1_idx-79.vnnlib,3.154561,3.131384,5.0300,18.4500
malware_malimg_family_scaled_16-25.onnx,malbeware_family-Lolyda.AT_label-15_eps-2_idx-76.vnnlib,6.546393,6.453375,4.8700,23.6600
malware_malimg_family_scaled_16-25.onnx,malbeware_family-Malex.gen!J_label-16_eps-1_idx-84.vnnlib,4.315429,4.268780,4.9500,21.8900
malware_malimg_family_scaled_16-25.onnx,malbeware_family-Malex.gen!J_label-16_eps-3_idx-82.vnnlib,13.812120,13.812118,6.6600,32.3000
malware_malimg_family_scaled_16-25.onnx,malbeware_family-Obfuscator.AD_label-17_eps-1_idx-89.vnnlib,4.404085,4.354762,4.9400,19.2000
malware_malimg_family_scaled_16-25.onnx,malbeware_family-Obfuscator.AD_label-17_eps-2_idx-87.vnnlib,9.329130,9.130208,5.4900,26.9500
malware_malimg_family_scaled_16-25.onnx,malbeware_family-Rbotigen_label-18_eps-2_idx-92.vnnlib,7.642482,7.466241,5.1300,27.2300
malware_malimg_family_scaled_16-25.onnx,malbeware_family-Rbotigen_label-18_eps-2_idx-93.vnnlib,7.550880,7.314923,4.9000,30.2600
malware_malimg_family_scaled_16-25.onnx,malbeware_family-Rbotigen_label-18_eps-2_idx-94.vnnlib,7.424708,7.175827,4.8900,33.4600
malware_malimg_family_scaled_16-25.onnx,malbeware_family-Skintrim.N_label-19_eps-1_idx-96.vnnlib,4.298334,4.231908,4.8900,23.4400
malware_malimg_family_scaled_16-25.onnx,malbeware_family-Skintrim.N_label-19_eps-3_idx-96.vnnlib,14.800357,14.211326,4.9000,41.2400
malware_malimg_family_scaled_16-25.onnx,malbeware_family-Swizzor.gen!E_label-20_eps-2_idx-104.vnnlib,9.167129,9.167123,6.5600,28.5900
malware_malimg_family_scaled_16-25.onnx,malbeware_family-Swizzor.gen!E_label-20_eps-3_idx-100.vnnlib,14.087022,14.087022,6.6700,33.3600
malware_malimg_family_scaled_16-25.onnx,malbeware_family-Swizzor.gen!E_label-20_eps-3_idx-102.vnnlib,14.279768,14.279775,6.5700,36.5600
malware_malimg_family_scaled_16-25.onnx,malbeware_family-VB.AT_label-22_eps-2_idx-112.vnnlib,6.346897,6.241501,5.5300,22.7600
malware_malimg_family_scaled_16-25.onnx,malbeware_family-VB.AT_label-22_eps-3_idx-111.vnnlib,9.377358,9.125710,6.1800,28.6500
malware_malimg_family_scaled_16-25.onnx,malbeware_family-VB.AT_label-22_eps-3_idx-112.vnnlib,9.938581,9.702496,5.4100,29.3300
malware_malimg_family_scaled_16-25.onnx,malbeware_family-Wintrim.BX_label-23_eps-2_idx-117.vnnlib,9.801965,9.539423,4.9800,28.7700
malware_malimg_family_scaled_16-25.onnx,malbeware_family-Wintrim.BX_label-23_eps-3_idx-119.vnnlib,15.277927,15.277944,6.6000,37.3600
malware_malimg_family_scaled_16-25.onnx,malbeware_family-Yuner.A_label-24_eps-3_idx-120.vnnlib,13.137918,12.587657,4.8700,37.0300
malware_malimg_family_scaled_4-25.onnx,malbeware_family-Adialer.C_label-0_eps-1_idx-4.vnnlib,2.681144,2.667076,4.9100,4.0600
malware_malimg_family_scaled_4-25.onnx,malbeware_family-Agent.FYI_label-1_eps-2_idx-8.vnnlib,3.808441,3.774710,4.8400,6.7600
malware_malimg_family_scaled_4-25.onnx,malbeware_family-Agent.FYI_label-1_eps-3_idx-8.vnnlib,5.812526,5.733846,5.4400,5.6100
malware_malimg_family_scaled_4-25.onnx,malbeware_family-Allaple.A_label-2_eps-2_idx-13.vnnlib,6.424443,6.216528,4.8300,7.2300
malware_malimg_family_scaled_4-25.onnx,malbeware_family-Allaple.A_label-2_eps-3_idx-11.vnnlib,9.679610,9.679605,5.5800,9.9300
malware_malimg_family_scaled_4-25.onnx,malbeware_family-Allaple.A_label-2_eps-3_idx-12.vnnlib,9.755371,9.755365,5.4700,10.0400
malware_malimg_family_scaled_4-25.onnx,malbeware_family-Allaple.L_label-3_eps-1_idx-18.vnnlib,3.148457,3.102869,5.3900,9.5400
malware_malimg_family_scaled_4-25.onnx,malbeware_family-Allaple.L_label-3_eps-2_idx-16.vnnlib,6.414328,6.248743,4.9000,8.3400
malware_malimg_family_scaled_4-25.onnx,malbeware_family-Allaple.L_label-3_eps-2_idx-18.vnnlib,6.430278,6.430280,6.2400,6.4400
malware_malimg_family_scaled_4-25.onnx,malbeware_family-Allaple.L_label-3_eps-3_idx-16.vnnlib,9.715440,9.715435,5.4700,8.0300
malware_malimg_family_scaled_4-25.onnx,malbeware_family-Alueron.gen!J_label-4_eps-1_idx-23.vnnlib,2.322782,2.281716,4.8400,7.7300
malware_malimg_family_scaled_4-25.onnx,malbeware_family-Alueron.gen!J_label-4_eps-3_idx-21.vnnlib,7.410735,7.410736,5.9900,9.9000
malware_malimg_family_scaled_4-25.onnx,malbeware_family-Autorun.K_label-5_eps-1_idx-25.vnnlib,2.208388,2.185238,4.8100,4.8300
malware_malimg_family_scaled_4-25.onnx,malbeware_family-Autorun.K_label-5_eps-1_idx-27.vnnlib,2.208388,2.185236,4.8500,4.3500
malware_malimg_family_scaled_4-25.onnx,malbeware_family-Autorun.K_label-5_eps-1_idx-28.vnnlib,2.208388,2.185238,4.8600,5.0300
malware_malimg_family_scaled_4-25.onnx,malbeware_family-Autorun.K_label-5_eps-2_idx-29.vnnlib,4.585040,4.493994,4.8500,6.6700
malware_malimg_family_scaled_4-25.onnx,malbeware_family-C2LOP.P_label-6_eps-2_idx-30.vnnlib,5.115645,5.115632,5.3500,7.5900
malware_malimg_family_scaled_4-25.onnx,malbeware_family-C2LOP.P_label-6_eps-2_idx-31.vnnlib,5.535138,5.409818,4.8600,6.3300
malware_malimg_family_scaled_4-25.onnx,malbeware_family-Dialplatform.B_label-8_eps-1_idx-40.vnnlib,2.476679,2.462241,6.1800,4.3300
malware_malimg_family_scaled_4-25.onnx,malbeware_family-Dialplatform.B_label-8_eps-2_idx-43.vnnlib,5.068162,5.010204,5.2300,5.8600
malware_malimg_family_scaled_4-25.onnx,malbeware_family-Dontovo.A_label-9_eps-1_idx-48.vnnlib,1.864930,1.860054,4.8700,3.2800
malware_malimg_family_scaled_4-25.onnx,malbeware_family-Fakerean_label-10_eps-3_idx-54.vnnlib,7.577633,7.264708,5.2000,7.7500
malware_malimg_family_scaled_4-25.onnx,malbeware_family-Instantaccess_label-11_eps-2_idx-55.vnnlib,5.593294,5.381676,4.8600,7.7100
malware_malimg_family_scaled_4-25.onnx,malbeware_family-Instantaccess_label-11_eps-2_idx-57.vnnlib,5.586788,5.373151,4.8300,9.3600
malware_malimg_family_scaled_4-25.onnx,malbeware_family-Lolyda.AA1_label-12_eps-3_idx-60.vnnlib,7.722220,7.609969,4.8300,5.2000
malware_malimg_family_scaled_4-25.onnx,malbeware_family-Lolyda.AA1_label-12_eps-3_idx-64.vnnlib,7.788884,7.682090,5.4300,5.3900
malware_malimg_family_scaled_4-25.onnx,malbeware_family-Lolyda.AA2_label-13_eps-1_idx-66.vnnlib,2.234911,2.221259,6.0400,3.9500
malware_malimg_family_scaled_4-25.onnx,malbeware_family-Lolyda.AA2_label-13_eps-2_idx-68.vnnlib,4.609372,4.571132,4.8500,4.4800
malware_malimg_family_scaled_4-25.onnx,malbeware_family-Lolyda.AA3_label-14_eps-1_idx-71.vnnlib,0.676886,0.672001,6.1600,2.9500
malware_malimg_family_scaled_4-25.onnx,malbeware_family-Lolyda.AA3_label-14_eps-3_idx-71.vnnlib,2.144984,2.107684,4.8700,4.3500
malware_malimg_family_scaled_4-25.onnx,malbeware_family-Lolyda.AT_label-15_eps-1_idx-79.vnnlib,2.314521,2.301128,4.8900,4.9400
malware_malimg_family_scaled_4-25.onnx,malbeware_family-Lolyda.AT_label-15_eps-2_idx-76.vnnlib,4.711141,4.661713,4.8700,5.5100
malware_malimg_family_scaled_4-25.onnx,malbeware_family-Malex.gen!J_label-16_eps-1_idx-84.vnnlib,2.665740,2.623206,4.8900,7.4400
malware_malimg_family_scaled_4-25.onnx,malbeware_family-Malex.gen!J_label-16_eps-3_idx-82.vnnlib,8.548983,8.548989,5.3800,8.4300
malware_malimg_family_scaled_4-25.onnx,malbeware_family-Obfuscator.AD_label-17_eps-1_idx-89.vnnlib,2.287807,2.233404,6.2800,5.6000
malware_malimg_family_scaled_4-25.onnx,malbeware_family-Obfuscator.AD_label-17_eps-2_idx-87.vnnlib,4.957830,4.750264,4.8400,14.0900
malware_malimg_family_scaled_4-25.onnx,malbeware_family-Rbotigen_label-18_eps-2_idx-92.vnnlib,5.448305,5.360470,4.8700,6.1400
malware_malimg_family_scaled_4-25.onnx,malbeware_family-Rbotigen_label-18_eps-2_idx-93.vnnlib,6.064389,6.004555,5.1800,5.5900
malware_malimg_family_scaled_4-25.onnx,malbeware_family-Rbotigen_label-18_eps-2_idx-94.vnnlib,6.103555,6.064576,5.1500,5.1000
malware_malimg_family_scaled_4-25.onnx,malbeware_family-Skintrim.N_label-19_eps-1_idx-96.vnnlib,2.942634,2.924667,4.8000,6.3000
malware_malimg_family_scaled_4-25.onnx,malbeware_family-Skintrim.N_label-19_eps-3_idx-96.vnnlib,9.245251,9.066461,5.2000,5.9300
malware_malimg_family_scaled_4-25.onnx,malbeware_family-Swizzor.gen!E_label-20_eps-2_idx-104.vnnlib,4.974265,4.974267,5.4000,6.7900
malware_malimg_family_scaled_4-25.onnx,malbeware_family-Swizzor.gen!E_label-20_eps-3_idx-100.vnnlib,7.748071,7.748079,5.3600,7.1400
malware_malimg_family_scaled_4-25.onnx,malbeware_family-Swizzor.gen!E_label-20_eps-3_idx-102.vnnlib,7.722789,7.722785,5.8500,7.3300
malware_malimg_family_scaled_4-25.onnx,malbeware_family-VB.AT_label-22_eps-2_idx-112.vnnlib,4.824139,4.786798,5.3400,4.3300
malware_malimg_family_scaled_4-25.onnx,malbeware_family-VB.AT_label-22_eps-3_idx-111.vnnlib,7.350154,7.277328,4.8400,5.0300
malware_malimg_family_scaled_4-25.onnx,malbeware_family-VB.AT_label-22_eps-3_idx-112.vnnlib,7.345780,7.259160,4.9400,5.1600
malware_malimg_family_scaled_4-25.onnx,malbeware_family-Wintrim.BX_label-23_eps-2_idx-117.vnnlib,6.712859,6.387110,5.3700,9.3400
malware_malimg_family_scaled_4-25.onnx,malbeware_family-Wintrim.BX_label-23_eps-3_idx-119.vnnlib,10.257863,10.257862,5.5400,11.9400
malware_malimg_family_scaled_4-25.onnx,malbeware_family-Yuner.A_label-24_eps-3_idx-120.vnnlib,7.130177,6.927082,4.9300,8.7500
malware_malimg_family_scaled_linear-25.onnx,malbeware_family-Adialer.C_label-0_eps-1_idx-4.vnnlib,1.178838,1.178840,4.9700,1.2900
malware_malimg_family_scaled_linear-25.onnx,malbeware_family-Agent.FYI_label-1_eps-2_idx-8.vnnlib,2.029432,2.029433,4.8800,1.3100
malware_malimg_family_scaled_linear-25.onnx,malbeware_family-Agent.FYI_label-1_eps-3_idx-8.vnnlib,3.037997,3.037995,4.9400,1.2800
malware_malimg_family_scaled_linear-25.onnx,malbeware_family-Allaple.A_label-2_eps-2_idx-13.vnnlib,2.441995,2.441996,5.3700,1.2800
malware_malimg_family_scaled_linear-25.onnx,malbeware_family-Allaple.A_label-2_eps-3_idx-11.vnnlib,3.662993,3.662994,5.1800,1.3300
malware_malimg_family_scaled_linear-25.onnx,malbeware_family-Allaple.A_label-2_eps-3_idx-12.vnnlib,3.662993,3.662989,5.0300,1.3800
malware_malimg_family_scaled_linear-25.onnx,malbeware_family-Allaple.L_label-3_eps-1_idx-18.vnnlib,1.306162,1.306161,4.9500,1.3000
malware_malimg_family_scaled_linear-25.onnx,malbeware_family-Allaple.L_label-3_eps-2_idx-16.vnnlib,2.612323,2.612325,5.1400,1.4300
malware_malimg_family_scaled_linear-25.onnx,malbeware_family-Allaple.L_label-3_eps-2_idx-18.vnnlib,2.612323,2.612323,4.9600,1.3300
malware_malimg_family_scaled_linear-25.onnx,malbeware_family-Allaple.L_label-3_eps-3_idx-16.vnnlib,3.918485,3.918489,5.3600,1.3700
malware_malimg_family_scaled_linear-25.onnx,malbeware_family-Alueron.gen!J_label-4_eps-1_idx-23.vnnlib,1.120757,1.120759,4.9600,1.3300
malware_malimg_family_scaled_linear-25.onnx,malbeware_family-Alueron.gen!J_label-4_eps-3_idx-21.vnnlib,3.440857,3.440858,5.1600,1.3300
malware_malimg_family_scaled_linear-25.onnx,malbeware_family-Autorun.K_label-5_eps-1_idx-25.vnnlib,1.054463,1.054461,5.0300,1.3100
malware_malimg_family_scaled_linear-25.onnx,malbeware_family-Autorun.K_label-5_eps-1_idx-27.vnnlib,1.054463,1.054462,4.9800,1.3300
malware_malimg_family_scaled_linear-25.onnx,malbeware_family-Autorun.K_label-5_eps-1_idx-28.vnnlib,1.054463,1.054461,4.9300,1.3800
malware_malimg_family_scaled_linear-25.onnx,malbeware_family-Autorun.K_label-5_eps-2_idx-29.vnnlib,2.108925,2.108923,5.0700,1.3600
malware_malimg_family_scaled_linear-25.onnx,malbeware_family-C2LOP.P_label-6_eps-2_idx-30.vnnlib,2.168687,2.168689,5.0100,1.3300
malware_malimg_family_scaled_linear-25.onnx,malbeware_family-C2LOP.P_label-6_eps-2_idx-31.vnnlib,2.168686,2.168686,5.3500,1.3300
malware_malimg_family_scaled_linear-25.onnx,malbeware_family-Dialplatform.B_label-8_eps-1_idx-40.vnnlib,1.114886,1.114887,5.3100,1.3100
malware_malimg_family_scaled_linear-25.onnx,malbeware_family-Dialplatform.B_label-8_eps-2_idx-43.vnnlib,2.228425,2.228425,4.9700,1.3500
malware_malimg_family_scaled_linear-25.onnx,malbeware_family-Dontovo.A_label-9_eps-1_idx-48.vnnlib,0.922258,0.922259,4.9500,1.3500
malware_malimg_family_scaled_linear-25.onnx,malbeware_family-Fakerean_label-10_eps-3_idx-54.vnnlib,3.510215,3.510211,5.4400,1.3700
malware_malimg_family_scaled_linear-25.onnx,malbeware_family-Instantaccess_label-11_eps-2_idx-55.vnnlib,2.236437,2.236440,4.9800,1.3600
malware_malimg_family_scaled_linear-25.onnx,malbeware_family-Instantaccess_label-11_eps-2_idx-57.vnnlib,2.236438,2.236439,5.0300,1.3300
malware_malimg_family_scaled_linear-25.onnx,malbeware_family-Lolyda.AA1_label-12_eps-3_idx-60.vnnlib,3.478712,3.478708,4.9300,1.3400
malware_malimg_family_scaled_linear-25.onnx,malbeware_family-Lolyda.AA1_label-12_eps-3_idx-64.vnnlib,3.498507,3.498505,4.8300,1.2600
malware_malimg_family_scaled_linear-25.onnx,malbeware_family-Lolyda.AA2_label-13_eps-1_idx-66.vnnlib,1.086852,1.086851,4.9600,1.3300
malware_malimg_family_scaled_linear-25.onnx,malbeware_family-Lolyda.AA2_label-13_eps-2_idx-68.vnnlib,2.176569,2.176570,5.3100,1.4000
malware_malimg_family_scaled_linear-25.onnx,malbeware_family-Lolyda.AA3_label-14_eps-1_idx-71.vnnlib,1.136006,1.136008,5.3000,1.3300
malware_malimg_family_scaled_linear-25.onnx,malbeware_family-Lolyda.AA3_label-14_eps-3_idx-71.vnnlib,3.408018,3.408012,5.4300,1.3300
malware_malimg_family_scaled_linear-25.onnx,malbeware_family-Lolyda.AT_label-15_eps-1_idx-79.vnnlib,1.185279,1.185278,5.2500,1.3300
malware_malimg_family_scaled_linear-25.onnx,malbeware_family-Lolyda.AT_label-15_eps-2_idx-76.vnnlib,2.364021,2.364024,4.9500,1.4000
malware_malimg_family_scaled_linear-25.onnx,malbeware_family-Malex.gen!J_label-16_eps-1_idx-84.vnnlib,1.141816,1.141816,5.0000,1.3500
malware_malimg_family_scaled_linear-25.onnx,malbeware_family-Malex.gen!J_label-16_eps-3_idx-82.vnnlib,3.425448,3.425450,4.9400,1.3300
malware_malimg_family_scaled_linear-25.onnx,malbeware_family-Obfuscator.AD_label-17_eps-1_idx-89.vnnlib,1.116279,1.116278,4.8300,1.3900
malware_malimg_family_scaled_linear-25.onnx,malbeware_family-Obfuscator.AD_label-17_eps-2_idx-87.vnnlib,2.229002,2.229003,4.9500,1.3300
malware_malimg_family_scaled_linear-25.onnx,malbeware_family-Rbotigen_label-18_eps-2_idx-92.vnnlib,2.508851,2.508854,4.8300,1.3300
malware_malimg_family_scaled_linear-25.onnx,malbeware_family-Rbotigen_label-18_eps-2_idx-93.vnnlib,2.508851,2.508851,4.9700,1.3400
malware_malimg_family_scaled_linear-25.onnx,malbeware_family-Rbotigen_label-18_eps-2_idx-94.vnnlib,2.508851,2.508855,4.9400,1.2800
malware_malimg_family_scaled_linear-25.onnx,malbeware_family-Skintrim.N_label-19_eps-1_idx-96.vnnlib,1.252413,1.252412,4.9700,1.3600
malware_malimg_family_scaled_linear-25.onnx,malbeware_family-Skintrim.N_label-19_eps-3_idx-96.vnnlib,3.703319,3.703322,4.9300,1.3300
malware_malimg_family_scaled_linear-25.onnx,malbeware_family-Swizzor.gen!E_label-20_eps-2_idx-104.vnnlib,2.222933,2.222937,5.0600,1.2900
malware_malimg_family_scaled_linear-25.onnx,malbeware_family-Swizzor.gen!E_label-20_eps-3_idx-100.vnnlib,3.436085,3.436088,6.1800,1.4300
malware_malimg_family_scaled_linear-25.onnx,malbeware_family-Swizzor.gen!E_label-20_eps-3_idx-102.vnnlib,3.334399,3.334401,6.2000,1.3300
malware_malimg_family_scaled_linear-25.onnx,malbeware_family-VB.AT_label-22_eps-2_idx-112.vnnlib,2.491956,2.491958,4.9500,1.3400
malware_malimg_family_scaled_linear-25.onnx,malbeware_family-VB.AT_label-22_eps-3_idx-111.vnnlib,3.824377,3.824378,5.3000,1.2600
malware_malimg_family_scaled_linear-25.onnx,malbeware_family-VB.AT_label-22_eps-3_idx-112.vnnlib,3.736365,3.736367,4.9500,1.3300
malware_malimg_family_scaled_linear-25.onnx,malbeware_family-Wintrim.BX_label-23_eps-2_idx-117.vnnlib,2.185074,2.185074,5.0000,1.3400
malware_malimg_family_scaled_linear-25.onnx,malbeware_family-Wintrim.BX_label-23_eps-3_idx-119.vnnlib,3.277610,3.277611,5.4300,1.3300
malware_malimg_family_scaled_linear-25.onnx,malbeware_family-Yuner.A_label-24_eps-3_idx-120.vnnlib,3.163388,3.163387,4.8300,1.3500
