onnx_file,vnnlib_file,abcrown_bound_width,luna_bound_width,abcrown_runtime,luna_runtime
4cnn_ry_117_19_no_custom_OP.onnx,spec_idx_3_eps_0.00000436.vnnlib,2.764278,2.744979,6.4700,9.4600
4cnn_ry_19_3_no_custom_OP.onnx,spec_idx_5_eps_0.00000436.vnnlib,0.133322,0.133284,6.2700,1.9100
4cnn_ry_20_3_no_custom_OP.onnx,spec_idx_7_eps_0.00000436.vnnlib,0.002702,0.002706,4.8300,1.7700
4cnn_ry_30_5_no_custom_OP.onnx,spec_idx_9_eps_0.00000436.vnnlib,0.012885,0.012894,4.8300,5.2500
4cnn_ry_34_5_no_custom_OP.onnx,spec_idx_12_eps_0.00000436.vnnlib,0.268574,0.264564,5.3700,4.8400
4cnn_ry_44_7_no_custom_OP.onnx,spec_idx_21_eps_0.00000436.vnnlib,0.002604,0.002606,4.8500,2.0000
4cnn_ry_47_7_no_custom_OP.onnx,spec_idx_23_eps_0.00000436.vnnlib,0.000000,0.000000,5.2700,1.7400
4cnn_ry_48_8_no_custom_OP.onnx,spec_idx_24_eps_0.00000436.vnnlib,0.010260,0.010277,4.8700,3.5600
4cnn_ry_52_8_no_custom_OP.onnx,spec_idx_25_eps_0.00000436.vnnlib,0.136588,0.135773,4.8800,6.9300
4cnn_ry_56_9_no_custom_OP.onnx,spec_idx_27_eps_0.00000436.vnnlib,0.002686,0.002697,4.8900,1.9800
4cnn_ry_57_9_no_custom_OP.onnx,spec_idx_28_eps_0.00000436.vnnlib,3.686082,3.683676,6.0800,16.7300
4cnn_ry_58_9_no_custom_OP.onnx,spec_idx_29_eps_0.00000436.vnnlib,0.158139,0.157176,4.9000,5.8300
4cnn_ry_61_10_no_custom_OP.onnx,spec_idx_31_eps_0.00000436.vnnlib,0.349570,0.348517,4.7800,6.8400
4cnn_ry_65_10_no_custom_OP.onnx,spec_idx_33_eps_0.00000436.vnnlib,0.000000,0.000000,4.9000,1.7900
4cnn_ry_68_11_no_custom_OP.onnx,spec_idx_34_eps_0.00000436.vnnlib,0.011052,0.011039,5.3700,1.8300
4cnn_ry_6_1_no_custom_OP.onnx,spec_idx_35_eps_0.00000436.vnnlib,0.019034,0.019055,5.3300,4.2500
4cnn_ry_70_11_no_custom_OP.onnx,spec_idx_36_eps_0.00000436.vnnlib,0.182639,0.182605,4.8600,3.2700
4cnn_ry_71_11_no_custom_OP.onnx,spec_idx_37_eps_0.00000436.vnnlib,0.000000,0.000000,4.9400,1.8300
4cnn_ry_79_13_no_custom_OP.onnx,spec_idx_38_eps_0.00000436.vnnlib,0.133920,0.133907,6.2300,2.0300
4cnn_ry_99_16_no_custom_OP.onnx,spec_idx_43_eps_0.00000436.vnnlib,2.728930,2.727283,5.9500,10.6600
4cnn_tz_103_17_no_custom_OP.onnx,spec_idx_47_eps_0.00001000.vnnlib,0.000000,0.000000,6.1300,1.8500
4cnn_tz_117_19_no_custom_OP.onnx,spec_idx_49_eps_0.00001000.vnnlib,0.027084,0.027083,5.1300,1.9900
4cnn_tz_19_3_no_custom_OP.onnx,spec_idx_51_eps_0.00001000.vnnlib,0.000000,0.000000,4.8400,1.8300
4cnn_tz_1_0_no_custom_OP.onnx,spec_idx_52_eps_0.00001000.vnnlib,0.000000,0.000000,4.8700,1.9900
4cnn_tz_20_3_no_custom_OP.onnx,spec_idx_53_eps_0.00001000.vnnlib,0.000000,0.000000,5.4300,1.7300
4cnn_tz_31_5_no_custom_OP.onnx,spec_idx_57_eps_0.00001000.vnnlib,0.000000,0.000000,5.3000,1.8500
4cnn_tz_33_5_no_custom_OP.onnx,spec_idx_58_eps_0.00001000.vnnlib,0.026836,0.026823,4.9600,1.8300
4cnn_tz_34_5_no_custom_OP.onnx,spec_idx_59_eps_0.00001000.vnnlib,0.000000,0.000000,5.2400,1.9400
4cnn_tz_37_6_no_custom_OP.onnx,spec_idx_61_eps_0.00001000.vnnlib,0.000000,0.000000,4.9900,1.8400
4cnn_tz_39_6_no_custom_OP.onnx,spec_idx_63_eps_0.00001000.vnnlib,0.000000,0.000000,5.3400,1.8600
4cnn_tz_41_6_no_custom_OP.onnx,spec_idx_66_eps_0.00001000.vnnlib,0.000000,0.000000,4.8600,1.9300
4cnn_tz_44_7_no_custom_OP.onnx,spec_idx_68_eps_0.00001000.vnnlib,0.000000,0.000000,5.3000,2.0300
4cnn_tz_47_7_no_custom_OP.onnx,spec_idx_69_eps_0.00001000.vnnlib,0.000000,0.000000,4.9000,1.8500
4cnn_tz_4_0_no_custom_OP.onnx,spec_idx_71_eps_0.00001000.vnnlib,0.000000,0.000000,5.2600,1.7500
4cnn_tz_65_10_no_custom_OP.onnx,spec_idx_79_eps_0.00001000.vnnlib,0.000000,0.000000,4.9300,1.9600
4cnn_tz_70_11_no_custom_OP.onnx,spec_idx_82_eps_0.00001000.vnnlib,0.000000,0.000000,4.9500,1.7600
4cnn_tz_82_13_no_custom_OP.onnx,spec_idx_87_eps_0.00001000.vnnlib,0.000000,0.000000,5.1700,1.8000
4cnn_tz_8_1_no_custom_OP.onnx,spec_idx_88_eps_0.00001000.vnnlib,0.000000,0.000000,5.3700,1.7400
4cnn_tz_94_15_no_custom_OP.onnx,spec_idx_90_eps_0.00001000.vnnlib,0.000000,0.000000,4.8500,1.8800
4cnn_tz_99_16_no_custom_OP.onnx,spec_idx_91_eps_0.00001000.vnnlib,0.023422,0.022979,4.8800,5.2500
6cnn_ry_114_19_no_custom_OP.onnx,spec_idx_100_eps_0.00000436.vnnlib,0.018651,0.018514,5.9300,26.3300
6cnn_ry_117_19_no_custom_OP.onnx,spec_idx_101_eps_0.00000436.vnnlib,--,245.099786,301.2100,194.3600
6cnn_ry_12_2_no_custom_OP.onnx,spec_idx_105_eps_0.00000436.vnnlib,0.026144,0.025907,5.7000,17.9800
6cnn_ry_18_3_no_custom_OP.onnx,spec_idx_107_eps_0.00000436.vnnlib,0.048979,0.048607,5.1300,19.6000
6cnn_ry_1_0_no_custom_OP.onnx,spec_idx_108_eps_0.00000436.vnnlib,0.225798,0.222358,5.3300,38.8100
6cnn_ry_28_4_no_custom_OP.onnx,spec_idx_113_eps_0.00000436.vnnlib,0.497598,0.457884,5.7400,64.0300
6cnn_ry_30_5_no_custom_OP.onnx,spec_idx_114_eps_0.00000436.vnnlib,0.025257,0.024881,5.1300,19.5000
6cnn_ry_35_5_no_custom_OP.onnx,spec_idx_115_eps_0.00000436.vnnlib,0.000000,0.000000,5.2800,2.0300
6cnn_ry_36_6_no_custom_OP.onnx,spec_idx_116_eps_0.00000436.vnnlib,0.068213,0.067476,5.1700,36.3400
6cnn_ry_38_6_no_custom_OP.onnx,spec_idx_118_eps_0.00000436.vnnlib,0.003869,0.003459,5.1900,6.6300
6cnn_ry_39_6_no_custom_OP.onnx,spec_idx_119_eps_0.00000436.vnnlib,--,246.134946,301.2300,205.5300
6cnn_ry_48_8_no_custom_OP.onnx,spec_idx_123_eps_0.00000436.vnnlib,0.022437,0.021370,5.1100,28.9400
6cnn_ry_49_8_no_custom_OP.onnx,spec_idx_124_eps_0.00000436.vnnlib,0.120497,0.117972,5.4700,43.5800
6cnn_ry_4_0_no_custom_OP.onnx,spec_idx_125_eps_0.00000436.vnnlib,0.557484,0.516274,5.6300,62.6600
6cnn_ry_52_8_no_custom_OP.onnx,spec_idx_126_eps_0.00000436.vnnlib,0.497122,0.458512,5.1100,55.0300
6cnn_ry_53_8_no_custom_OP.onnx,spec_idx_127_eps_0.00000436.vnnlib,0.000000,0.000000,5.2000,1.9900
6cnn_ry_54_9_no_custom_OP.onnx,spec_idx_128_eps_0.00000436.vnnlib,0.025451,0.025221,5.2300,23.6400
6cnn_ry_57_9_no_custom_OP.onnx,spec_idx_129_eps_0.00000436.vnnlib,--,240.694048,301.2200,206.3300
6cnn_ry_5_0_no_custom_OP.onnx,spec_idx_130_eps_0.00000436.vnnlib,0.000000,0.000000,5.1600,1.9900
6cnn_ry_64_10_no_custom_OP.onnx,spec_idx_132_eps_0.00000436.vnnlib,1.444053,1.183958,5.3400,75.3900
6cnn_ry_66_11_no_custom_OP.onnx,spec_idx_134_eps_0.00000436.vnnlib,0.066663,0.066245,5.1600,24.0300
6cnn_ry_67_11_no_custom_OP.onnx,spec_idx_135_eps_0.00000436.vnnlib,0.224641,0.220107,5.7000,54.2300
6cnn_ry_68_11_no_custom_OP.onnx,spec_idx_136_eps_0.00000436.vnnlib,0.004022,0.003977,5.1300,2.5000
6cnn_ry_6_1_no_custom_OP.onnx,spec_idx_137_eps_0.00000436.vnnlib,0.034579,0.034325,5.6900,23.0500
6cnn_ry_81_13_no_custom_OP.onnx,spec_idx_144_eps_0.00000436.vnnlib,--,284.027839,301.2100,178.8600
6cnn_ry_91_15_no_custom_OP.onnx,spec_idx_146_eps_0.00000436.vnnlib,0.200284,0.193377,5.1900,46.6300
6cnn_ry_92_15_no_custom_OP.onnx,spec_idx_147_eps_0.00000436.vnnlib,0.003266,0.003248,5.9800,2.3800
6cnn_ry_93_15_no_custom_OP.onnx,spec_idx_148_eps_0.00000436.vnnlib,--,--,301.2300,301.2300
6cnn_ry_95_15_no_custom_OP.onnx,spec_idx_150_eps_0.00000436.vnnlib,0.000000,0.000000,5.0800,1.9700
6cnn_tz_0_0_no_custom_OP.onnx,spec_idx_152_eps_0.00001000.vnnlib,0.000432,0.000414,5.3300,2.2500
6cnn_tz_103_17_no_custom_OP.onnx,spec_idx_154_eps_0.00001000.vnnlib,0.000000,0.000000,5.1400,1.9400
6cnn_tz_104_17_no_custom_OP.onnx,spec_idx_155_eps_0.00001000.vnnlib,0.000000,0.000000,5.2300,1.9400
6cnn_tz_10_1_no_custom_OP.onnx,spec_idx_158_eps_0.00001000.vnnlib,0.000000,0.000000,5.7000,1.9400
6cnn_tz_113_18_no_custom_OP.onnx,spec_idx_159_eps_0.00001000.vnnlib,0.000000,0.000000,5.0400,1.9600
6cnn_tz_114_19_no_custom_OP.onnx,spec_idx_160_eps_0.00001000.vnnlib,0.000618,0.000604,5.1300,2.2000
6cnn_tz_118_19_no_custom_OP.onnx,spec_idx_162_eps_0.00001000.vnnlib,0.000000,0.000000,5.1300,1.9100
6cnn_tz_18_3_no_custom_OP.onnx,spec_idx_166_eps_0.00001000.vnnlib,0.000620,0.000643,5.7500,2.1600
6cnn_tz_21_3_no_custom_OP.onnx,spec_idx_170_eps_0.00001000.vnnlib,0.036469,0.035113,5.1600,34.4300
6cnn_tz_22_3_no_custom_OP.onnx,spec_idx_171_eps_0.00001000.vnnlib,0.000000,0.000000,5.1400,1.9600
6cnn_tz_23_3_no_custom_OP.onnx,spec_idx_172_eps_0.00001000.vnnlib,0.000000,0.000000,5.7300,1.8400
6cnn_tz_28_4_no_custom_OP.onnx,spec_idx_173_eps_0.00001000.vnnlib,0.000000,0.000000,5.1300,1.9800
6cnn_tz_35_5_no_custom_OP.onnx,spec_idx_176_eps_0.00001000.vnnlib,0.000000,0.000000,5.8500,1.9300
6cnn_tz_37_6_no_custom_OP.onnx,spec_idx_178_eps_0.00001000.vnnlib,0.000000,0.000000,5.6300,1.8400
6cnn_tz_38_6_no_custom_OP.onnx,spec_idx_179_eps_0.00001000.vnnlib,0.000000,0.000000,5.3400,1.9500
6cnn_tz_3_0_no_custom_OP.onnx,spec_idx_181_eps_0.00001000.vnnlib,0.009416,0.009205,5.1100,21.5300
6cnn_tz_49_8_no_custom_OP.onnx,spec_idx_185_eps_0.00001000.vnnlib,0.000000,0.000000,5.1300,1.9300
6cnn_tz_4_0_no_custom_OP.onnx,spec_idx_186_eps_0.00001000.vnnlib,0.000000,0.000000,5.8300,1.8300
6cnn_tz_52_8_no_custom_OP.onnx,spec_idx_187_eps_0.00001000.vnnlib,0.000000,0.000000,5.2300,1.8600
6cnn_tz_54_9_no_custom_OP.onnx,spec_idx_189_eps_0.00001000.vnnlib,0.000784,0.000761,6.1000,2.1500
6cnn_tz_62_10_no_custom_OP.onnx,spec_idx_193_eps_0.00001000.vnnlib,0.000000,0.000000,5.6800,1.9600
6cnn_tz_65_10_no_custom_OP.onnx,spec_idx_196_eps_0.00001000.vnnlib,0.000000,0.000000,5.1500,2.0500
6cnn_tz_66_11_no_custom_OP.onnx,spec_idx_197_eps_0.00001000.vnnlib,0.000706,0.000700,5.1100,2.1400
6cnn_tz_67_11_no_custom_OP.onnx,spec_idx_198_eps_0.00001000.vnnlib,0.000000,0.000000,5.0600,1.8300
6cnn_tz_6_1_no_custom_OP.onnx,spec_idx_200_eps_0.00001000.vnnlib,0.000592,0.000588,5.7000,2.2700
6cnn_tz_75_12_no_custom_OP.onnx,spec_idx_203_eps_0.00001000.vnnlib,0.025688,0.025554,5.0900,16.7900
6cnn_tz_78_13_no_custom_OP.onnx,spec_idx_204_eps_0.00001000.vnnlib,0.000550,0.000543,5.0600,2.1400
6cnn_tz_79_13_no_custom_OP.onnx,spec_idx_205_eps_0.00001000.vnnlib,0.000000,0.000000,5.1300,1.9500
6cnn_tz_91_15_no_custom_OP.onnx,spec_idx_207_eps_0.00001000.vnnlib,0.000000,0.000000,5.7500,1.8700
6cnn_tz_93_15_no_custom_OP.onnx,spec_idx_208_eps_0.00001000.vnnlib,0.010555,0.010322,5.7300,20.0400
6cnn_tz_94_15_no_custom_OP.onnx,spec_idx_209_eps_0.00001000.vnnlib,0.000000,0.000000,5.1300,1.9500
