onnx_file,vnnlib_file,abcrown_bound_width,luna_bound_width,abcrown_runtime,luna_runtime
perturbations_0.onnx,hyperrectangle_1078.vnnlib,10.670323,10.479552,5.3400,0.6300
perturbations_0.onnx,hyperrectangle_1106.vnnlib,25.600137,25.602770,4.9300,0.6000
perturbations_0.onnx,hyperrectangle_1149.vnnlib,19.134755,19.134756,6.2500,0.6300
perturbations_0.onnx,hyperrectangle_1150.vnnlib,16.217410,16.217644,4.8900,0.6100
perturbations_0.onnx,hyperrectangle_1177.vnnlib,19.905872,19.905873,5.0400,0.6300
perturbations_0.onnx,hyperrectangle_1215.vnnlib,25.587931,25.587930,4.9500,0.6300
perturbations_0.onnx,hyperrectangle_1220.vnnlib,18.957768,18.958562,4.9500,0.5700
perturbations_0.onnx,hyperrectangle_1234.vnnlib,25.691978,25.691977,4.9700,0.6300
perturbations_0.onnx,hyperrectangle_1264.vnnlib,15.183319,15.183320,5.4300,0.6600
perturbations_0.onnx,hyperrectangle_132.vnnlib,11.543676,11.543673,5.3800,0.6500
perturbations_0.onnx,hyperrectangle_1353.vnnlib,31.535886,31.535888,5.0900,0.6300
perturbations_0.onnx,hyperrectangle_1477.vnnlib,24.988930,24.989079,5.0300,0.6700
perturbations_0.onnx,hyperrectangle_1492.vnnlib,20.347741,20.347743,5.6100,0.6300
perturbations_0.onnx,hyperrectangle_1537.vnnlib,17.944319,17.944317,4.9700,0.6000
perturbations_0.onnx,hyperrectangle_1589.vnnlib,15.812566,15.812567,6.3800,0.6300
perturbations_0.onnx,hyperrectangle_1603.vnnlib,27.483610,27.483610,4.9600,0.6400
perturbations_0.onnx,hyperrectangle_1608.vnnlib,13.581335,13.581440,5.0700,0.6300
perturbations_0.onnx,hyperrectangle_1622.vnnlib,23.559726,23.559724,4.9600,0.6500
perturbations_0.onnx,hyperrectangle_1658.vnnlib,13.936419,13.944028,4.9700,0.6900
perturbations_0.onnx,hyperrectangle_1682.vnnlib,26.971847,26.973550,5.2300,0.6300
perturbations_0.onnx,hyperrectangle_1697.vnnlib,27.522305,27.535647,5.5300,0.6400
perturbations_0.onnx,hyperrectangle_1707.vnnlib,27.026143,27.026142,4.9300,0.6700
perturbations_0.onnx,hyperrectangle_1739.vnnlib,30.933839,30.934806,4.9100,0.5800
perturbations_0.onnx,hyperrectangle_1745.vnnlib,10.700600,10.386644,4.8400,0.6300
perturbations_0.onnx,hyperrectangle_1833.vnnlib,31.163371,31.184895,5.3600,0.5600
perturbations_0.onnx,hyperrectangle_1844.vnnlib,18.347673,18.354726,6.2700,0.6000
perturbations_0.onnx,hyperrectangle_1923.vnnlib,10.598179,10.598181,5.0100,0.7000
perturbations_0.onnx,hyperrectangle_195.vnnlib,15.823674,15.823675,4.9300,0.6300
perturbations_0.onnx,hyperrectangle_2018.vnnlib,29.780011,29.780013,4.9700,0.6300
perturbations_0.onnx,hyperrectangle_2039.vnnlib,12.504749,12.504749,5.4000,0.6300
perturbations_0.onnx,hyperrectangle_2105.vnnlib,24.592752,24.615498,6.3000,0.5900
perturbations_0.onnx,hyperrectangle_2191.vnnlib,20.892452,20.894193,5.0500,0.6700
perturbations_0.onnx,hyperrectangle_2224.vnnlib,13.398550,13.398550,4.9100,0.6900
perturbations_0.onnx,hyperrectangle_2259.vnnlib,18.967947,18.967947,4.9500,0.5900
perturbations_0.onnx,hyperrectangle_2267.vnnlib,6.830999,6.831134,5.5300,0.6400
perturbations_0.onnx,hyperrectangle_2363.vnnlib,21.645616,21.645616,4.9300,0.6100
perturbations_0.onnx,hyperrectangle_2365.vnnlib,30.172176,30.220661,4.9600,0.5500
perturbations_0.onnx,hyperrectangle_2371.vnnlib,34.124853,34.124852,5.5300,0.6300
perturbations_0.onnx,hyperrectangle_2399.vnnlib,12.608693,12.608692,4.9300,0.6300
perturbations_0.onnx,hyperrectangle_2410.vnnlib,20.122886,20.122888,4.9500,0.6300
perturbations_0.onnx,hyperrectangle_2411.vnnlib,7.164242,7.164241,5.3700,0.6800
perturbations_0.onnx,hyperrectangle_2417.vnnlib,24.722209,24.722209,5.3600,0.6000
perturbations_0.onnx,hyperrectangle_244.vnnlib,29.735750,29.736058,5.0900,0.6300
perturbations_0.onnx,hyperrectangle_2460.vnnlib,18.058744,18.058877,4.9800,0.6300
perturbations_0.onnx,hyperrectangle_2543.vnnlib,14.188136,14.193742,5.0400,0.6300
perturbations_0.onnx,hyperrectangle_2593.vnnlib,27.325954,27.325955,4.9400,0.6500
perturbations_0.onnx,hyperrectangle_2650.vnnlib,20.457102,20.457104,5.4400,0.6000
perturbations_0.onnx,hyperrectangle_2686.vnnlib,24.878160,24.878162,5.0300,0.6300
perturbations_0.onnx,hyperrectangle_2695.vnnlib,29.434901,29.434901,5.1600,0.6400
perturbations_0.onnx,hyperrectangle_2746.vnnlib,27.960439,27.960440,5.0300,0.6800
perturbations_0.onnx,hyperrectangle_2759.vnnlib,21.088418,21.088418,5.5300,0.6000
perturbations_0.onnx,hyperrectangle_2784.vnnlib,34.413572,34.413571,5.5600,0.6800
perturbations_0.onnx,hyperrectangle_2841.vnnlib,32.630699,32.630702,5.2100,0.6300
perturbations_0.onnx,hyperrectangle_2879.vnnlib,15.051594,15.051593,4.9600,0.6100
perturbations_0.onnx,hyperrectangle_293.vnnlib,25.021827,25.021823,4.9500,0.6400
perturbations_0.onnx,hyperrectangle_2964.vnnlib,13.835836,13.835837,4.8500,0.6300
perturbations_0.onnx,hyperrectangle_2981.vnnlib,16.059066,16.059066,4.8800,0.6800
perturbations_0.onnx,hyperrectangle_3081.vnnlib,13.416100,13.421053,5.0100,0.6600
perturbations_0.onnx,hyperrectangle_3093.vnnlib,14.927844,14.928215,5.1100,0.6000
perturbations_0.onnx,hyperrectangle_3130.vnnlib,13.191745,13.191746,6.3300,0.5600
perturbations_0.onnx,hyperrectangle_3147.vnnlib,19.127556,19.144930,4.8800,0.6000
perturbations_0.onnx,hyperrectangle_3188.vnnlib,20.012101,20.014893,4.9700,0.6600
perturbations_0.onnx,hyperrectangle_32.vnnlib,12.570570,12.571797,4.8800,0.6300
perturbations_0.onnx,hyperrectangle_3223.vnnlib,14.629295,14.631932,4.9000,0.6800
perturbations_0.onnx,hyperrectangle_3259.vnnlib,24.650122,24.650121,5.2100,0.6300
perturbations_0.onnx,hyperrectangle_3285.vnnlib,20.293449,20.294852,4.9300,0.6300
perturbations_0.onnx,hyperrectangle_3290.vnnlib,14.406178,14.407286,4.8900,0.5500
perturbations_0.onnx,hyperrectangle_3319.vnnlib,13.363400,13.363398,5.3700,0.6300
perturbations_0.onnx,hyperrectangle_3333.vnnlib,34.497772,34.497775,6.3300,0.6500
perturbations_0.onnx,hyperrectangle_3363.vnnlib,13.230611,13.234911,4.9400,0.6100
perturbations_0.onnx,hyperrectangle_337.vnnlib,17.290426,17.290427,4.9300,0.6600
perturbations_0.onnx,hyperrectangle_3447.vnnlib,13.769867,13.771235,4.9500,0.5700
perturbations_0.onnx,hyperrectangle_3460.vnnlib,17.545813,17.551310,5.0000,0.6700
perturbations_0.onnx,hyperrectangle_3551.vnnlib,11.552061,11.556701,4.8900,0.5800
perturbations_0.onnx,hyperrectangle_3665.vnnlib,25.909815,25.909812,5.5300,0.6100
perturbations_0.onnx,hyperrectangle_3699.vnnlib,18.705843,18.705843,5.1400,0.6000
perturbations_0.onnx,hyperrectangle_3702.vnnlib,18.220745,18.229553,5.0800,0.7300
perturbations_0.onnx,hyperrectangle_3775.vnnlib,28.671125,28.671121,6.1000,0.5700
perturbations_0.onnx,hyperrectangle_3778.vnnlib,27.202375,27.223243,4.9000,0.6600
perturbations_0.onnx,hyperrectangle_3808.vnnlib,20.041792,20.041796,4.8700,0.6500
perturbations_0.onnx,hyperrectangle_3853.vnnlib,15.632661,15.632663,5.4100,0.6400
perturbations_0.onnx,hyperrectangle_3901.vnnlib,8.536509,8.265376,4.8000,0.5900
perturbations_0.onnx,hyperrectangle_3918.vnnlib,24.766335,24.766333,4.9500,0.6800
perturbations_0.onnx,hyperrectangle_3926.vnnlib,12.356149,12.366941,4.9300,0.6300
perturbations_0.onnx,hyperrectangle_3945.vnnlib,18.022428,18.025081,5.9400,0.6300
perturbations_0.onnx,hyperrectangle_396.vnnlib,16.389494,16.389497,5.3500,0.6300
perturbations_0.onnx,hyperrectangle_3977.vnnlib,15.632798,15.636698,5.4000,0.6300
perturbations_0.onnx,hyperrectangle_4032.vnnlib,20.931904,20.968577,4.8400,0.5800
perturbations_0.onnx,hyperrectangle_4034.vnnlib,19.442361,19.448062,5.0800,0.6300
perturbations_0.onnx,hyperrectangle_4124.vnnlib,17.112477,17.112478,4.9000,0.6300
perturbations_0.onnx,hyperrectangle_4147.vnnlib,10.059868,10.059868,6.2500,0.6300
perturbations_0.onnx,hyperrectangle_418.vnnlib,19.334611,19.334612,5.0400,0.6000
perturbations_0.onnx,hyperrectangle_4236.vnnlib,21.057722,21.057724,5.5000,0.6900
perturbations_0.onnx,hyperrectangle_4237.vnnlib,20.999708,20.999708,5.0100,0.6700
perturbations_0.onnx,hyperrectangle_4240.vnnlib,35.747433,35.768941,5.4800,0.6600
perturbations_0.onnx,hyperrectangle_4258.vnnlib,11.032580,11.032656,5.9100,0.6300
perturbations_0.onnx,hyperrectangle_4289.vnnlib,13.383962,13.383964,5.4300,0.6300
perturbations_0.onnx,hyperrectangle_4291.vnnlib,19.571012,19.571010,5.1300,0.6700
perturbations_0.onnx,hyperrectangle_4338.vnnlib,25.976680,25.976681,5.3900,0.5800
perturbations_0.onnx,hyperrectangle_4368.vnnlib,16.912184,16.912224,5.5300,0.6500
perturbations_0.onnx,hyperrectangle_4411.vnnlib,24.251514,24.251510,5.0700,0.6600
perturbations_0.onnx,hyperrectangle_4417.vnnlib,30.466068,30.466064,6.4400,0.6600
perturbations_0.onnx,hyperrectangle_45.vnnlib,21.075294,21.081198,5.0800,0.6400
perturbations_0.onnx,hyperrectangle_4557.vnnlib,15.258071,14.953851,4.9400,0.6800
perturbations_0.onnx,hyperrectangle_469.vnnlib,20.451297,20.451295,4.8600,0.6000
perturbations_0.onnx,hyperrectangle_4766.vnnlib,12.754111,12.766259,5.3300,0.6300
perturbations_0.onnx,hyperrectangle_4773.vnnlib,13.258984,13.258984,5.4700,0.6500
perturbations_0.onnx,hyperrectangle_4803.vnnlib,36.590158,36.590156,4.8800,0.6100
perturbations_0.onnx,hyperrectangle_4830.vnnlib,18.238052,18.238053,5.0100,0.6300
perturbations_0.onnx,hyperrectangle_4847.vnnlib,15.702945,15.702944,4.9100,0.5600
perturbations_0.onnx,hyperrectangle_4896.vnnlib,32.493208,32.507927,5.0800,0.6300
perturbations_0.onnx,hyperrectangle_4948.vnnlib,39.759993,39.759991,5.4000,0.6600
perturbations_0.onnx,hyperrectangle_4957.vnnlib,14.505975,14.505978,6.1300,0.6700
perturbations_0.onnx,hyperrectangle_4987.vnnlib,36.149731,36.149735,5.0400,0.6300
perturbations_0.onnx,hyperrectangle_5001.vnnlib,15.805176,15.805178,5.4800,0.6300
perturbations_0.onnx,hyperrectangle_5020.vnnlib,15.522759,15.522760,4.9000,0.6300
perturbations_0.onnx,hyperrectangle_5155.vnnlib,18.147439,18.150229,4.8900,0.6300
perturbations_0.onnx,hyperrectangle_5185.vnnlib,16.294530,16.356494,4.9300,0.6300
perturbations_0.onnx,hyperrectangle_522.vnnlib,12.952663,12.952664,5.0300,0.6300
perturbations_0.onnx,hyperrectangle_5237.vnnlib,14.765932,14.765932,4.9800,0.6600
perturbations_0.onnx,hyperrectangle_5275.vnnlib,15.997298,16.004266,4.9900,0.6500
perturbations_0.onnx,hyperrectangle_530.vnnlib,8.094079,8.094079,6.3300,0.6600
perturbations_0.onnx,hyperrectangle_5392.vnnlib,13.772114,13.772115,5.3300,0.6300
perturbations_0.onnx,hyperrectangle_541.vnnlib,26.984171,27.018238,4.9900,0.6300
perturbations_0.onnx,hyperrectangle_5429.vnnlib,31.054850,31.059113,5.4800,0.6400
perturbations_0.onnx,hyperrectangle_547.vnnlib,25.143779,25.143780,4.8700,0.6600
perturbations_0.onnx,hyperrectangle_5520.vnnlib,14.650871,14.654919,4.9300,0.6300
perturbations_0.onnx,hyperrectangle_5526.vnnlib,17.297607,17.297606,5.4700,0.6500
perturbations_0.onnx,hyperrectangle_5548.vnnlib,19.624872,19.646324,5.1600,0.6300
perturbations_0.onnx,hyperrectangle_5600.vnnlib,15.419991,15.430485,5.0000,0.5600
perturbations_0.onnx,hyperrectangle_5612.vnnlib,32.528127,32.528128,4.9700,0.6500
perturbations_0.onnx,hyperrectangle_5642.vnnlib,14.963160,14.969466,4.9300,0.6700
perturbations_0.onnx,hyperrectangle_5644.vnnlib,26.860258,26.860460,4.9500,0.6600
perturbations_0.onnx,hyperrectangle_5716.vnnlib,20.447975,20.447973,4.9100,0.6300
perturbations_0.onnx,hyperrectangle_5774.vnnlib,31.508825,31.508825,5.1700,0.6700
perturbations_0.onnx,hyperrectangle_5859.vnnlib,30.031445,30.033848,5.4900,0.6700
perturbations_0.onnx,hyperrectangle_588.vnnlib,31.331634,31.333771,4.8900,0.6300
perturbations_0.onnx,hyperrectangle_5885.vnnlib,33.235498,33.238054,4.9900,0.6800
perturbations_0.onnx,hyperrectangle_5932.vnnlib,44.962957,44.962961,4.9700,0.6500
perturbations_0.onnx,hyperrectangle_597.vnnlib,31.982605,31.982605,5.0600,0.6300
perturbations_0.onnx,hyperrectangle_5998.vnnlib,24.113875,24.118883,5.3900,0.6300
perturbations_0.onnx,hyperrectangle_6052.vnnlib,42.648344,42.648340,5.5900,0.6600
perturbations_0.onnx,hyperrectangle_6100.vnnlib,16.467990,16.468979,4.9600,0.5600
perturbations_0.onnx,hyperrectangle_6119.vnnlib,17.431736,17.431737,4.8800,0.5600
perturbations_0.onnx,hyperrectangle_6143.vnnlib,38.875540,38.891868,5.1100,0.6900
perturbations_0.onnx,hyperrectangle_6213.vnnlib,25.610612,25.610615,4.8500,0.5700
perturbations_0.onnx,hyperrectangle_6215.vnnlib,32.604231,32.622700,5.3600,0.6800
perturbations_0.onnx,hyperrectangle_6218.vnnlib,15.008023,15.009669,5.5300,0.6100
perturbations_0.onnx,hyperrectangle_6234.vnnlib,35.282938,35.289276,5.3900,0.6300
perturbations_0.onnx,hyperrectangle_6249.vnnlib,35.431998,35.431997,6.2100,0.6300
perturbations_0.onnx,hyperrectangle_6317.vnnlib,38.968664,38.968664,4.9100,0.6300
perturbations_0.onnx,hyperrectangle_6358.vnnlib,29.953260,29.953307,5.4300,0.6300
perturbations_0.onnx,hyperrectangle_6397.vnnlib,16.349850,16.349847,5.4500,0.6600
perturbations_0.onnx,hyperrectangle_6421.vnnlib,29.770283,29.783165,4.9300,0.6300
perturbations_0.onnx,hyperrectangle_6427.vnnlib,42.492537,42.492538,4.9000,0.6300
perturbations_0.onnx,hyperrectangle_6504.vnnlib,28.890635,28.893917,4.8800,0.6500
perturbations_0.onnx,hyperrectangle_6561.vnnlib,46.048170,46.048174,5.1000,0.6500
perturbations_0.onnx,hyperrectangle_661.vnnlib,15.741863,15.741926,5.1100,0.6800
perturbations_0.onnx,hyperrectangle_6658.vnnlib,25.576303,25.615434,5.0500,0.6600
perturbations_0.onnx,hyperrectangle_6672.vnnlib,33.402324,33.404972,5.0500,0.6900
perturbations_0.onnx,hyperrectangle_6685.vnnlib,39.121952,39.121954,5.5000,0.6300
perturbations_0.onnx,hyperrectangle_6743.vnnlib,36.645550,36.645548,4.8600,0.6500
perturbations_0.onnx,hyperrectangle_675.vnnlib,17.635600,17.637519,6.3300,0.6300
perturbations_0.onnx,hyperrectangle_6795.vnnlib,40.164597,40.221483,4.9000,0.6100
perturbations_0.onnx,hyperrectangle_6800.vnnlib,20.620824,20.620823,4.9000,0.7000
perturbations_0.onnx,hyperrectangle_6819.vnnlib,24.017123,24.017124,4.9300,0.6300
perturbations_0.onnx,hyperrectangle_6856.vnnlib,23.988462,23.988911,5.5500,0.6300
perturbations_0.onnx,hyperrectangle_6909.vnnlib,42.455698,42.455696,4.8900,0.6300
perturbations_0.onnx,hyperrectangle_6931.vnnlib,31.924616,31.924618,5.0900,0.6600
perturbations_0.onnx,hyperrectangle_6937.vnnlib,14.189231,14.192034,6.2300,0.6300
perturbations_0.onnx,hyperrectangle_6973.vnnlib,42.627785,42.627785,5.4800,0.6900
perturbations_0.onnx,hyperrectangle_6990.vnnlib,25.471160,25.471161,4.8800,0.6400
perturbations_0.onnx,hyperrectangle_7002.vnnlib,29.853737,29.870623,5.5000,0.6000
perturbations_0.onnx,hyperrectangle_7016.vnnlib,34.998394,34.998396,4.9700,0.5700
perturbations_0.onnx,hyperrectangle_7037.vnnlib,45.015158,45.015167,4.8700,0.6500
perturbations_0.onnx,hyperrectangle_706.vnnlib,22.596074,22.596075,5.3300,0.6300
perturbations_0.onnx,hyperrectangle_7084.vnnlib,25.208352,25.209097,5.5300,0.5900
perturbations_0.onnx,hyperrectangle_7150.vnnlib,36.750166,36.750170,5.1000,0.6300
perturbations_0.onnx,hyperrectangle_7226.vnnlib,25.172486,25.172490,5.0000,0.6500
perturbations_0.onnx,hyperrectangle_7248.vnnlib,21.129436,21.129434,5.5000,0.5700
perturbations_0.onnx,hyperrectangle_7251.vnnlib,25.089754,25.089757,5.3700,0.5800
perturbations_0.onnx,hyperrectangle_7270.vnnlib,28.089050,28.094255,6.0900,0.6400
perturbations_0.onnx,hyperrectangle_735.vnnlib,26.038589,26.045070,5.0500,0.6300
perturbations_0.onnx,hyperrectangle_7435.vnnlib,25.009284,25.009284,5.0300,0.6300
perturbations_0.onnx,hyperrectangle_7561.vnnlib,37.699772,37.699764,4.9300,0.6600
perturbations_0.onnx,hyperrectangle_7578.vnnlib,38.596550,38.603798,5.0500,0.6300
perturbations_0.onnx,hyperrectangle_7655.vnnlib,17.026354,17.032801,4.9400,0.6700
perturbations_0.onnx,hyperrectangle_7745.vnnlib,19.258244,19.262592,4.9300,0.6700
perturbations_0.onnx,hyperrectangle_777.vnnlib,27.953364,27.953363,4.8900,0.6300
perturbations_0.onnx,hyperrectangle_7865.vnnlib,18.417347,18.417346,5.0400,0.6600
perturbations_0.onnx,hyperrectangle_7916.vnnlib,19.528060,19.528063,4.8900,0.6300
perturbations_0.onnx,hyperrectangle_876.vnnlib,18.895683,18.896461,5.0900,0.7300
perturbations_0.onnx,hyperrectangle_929.vnnlib,21.290564,21.290564,5.0800,0.6300
perturbations_0.onnx,hyperrectangle_975.vnnlib,31.084855,31.094591,5.0100,0.6300
