onnx_file,vnnlib_file,abcrown_bound_width,luna_bound_width,abcrown_runtime,luna_runtime
sat_v100_c373.onnx,sat_v100_c373.vnnlib,126.099178,126.099141,5.6400,0.7600
sat_v10_c26.onnx,sat_v10_c26.vnnlib,10.698018,10.698016,4.8400,0.6300
sat_v14_c57.onnx,sat_v14_c57.vnnlib,19.602894,19.602891,4.9100,0.6100
sat_v16_c39.onnx,sat_v16_c39.vnnlib,15.760909,15.760908,5.0000,0.6600
sat_v18_c87.onnx,sat_v18_c87.vnnlib,29.243710,29.243710,4.8900,0.5600
sat_v20_c40.onnx,sat_v20_c40.vnnlib,16.747766,16.747768,4.8500,0.6100
sat_v24_c66.onnx,sat_v24_c66.vnnlib,24.610551,24.610542,5.6000,0.6500
sat_v25_c40.onnx,sat_v25_c40.vnnlib,18.449398,18.449397,4.9300,0.6300
sat_v25_c45.onnx,sat_v25_c45.vnnlib,19.837491,19.837490,4.8900,0.6700
sat_v26_c84.onnx,sat_v26_c84.vnnlib,30.347028,30.347031,4.8700,0.6300
sat_v30_c38.onnx,sat_v30_c38.vnnlib,19.129582,19.129583,5.2900,0.6300
sat_v30_c44.onnx,sat_v30_c44.vnnlib,20.998508,20.998508,5.7000,0.5900
sat_v33_c140.onnx,sat_v33_c140.vnnlib,46.706285,46.706284,5.6300,0.6300
sat_v34_c98.onnx,sat_v34_c98.vnnlib,37.866279,37.866282,4.8500,0.6300
sat_v37_c63.onnx,sat_v37_c63.vnnlib,28.254754,28.254754,4.9300,0.6300
sat_v38_c132.onnx,sat_v38_c132.vnnlib,48.064561,48.064565,4.9300,0.6000
sat_v39_c77.onnx,sat_v39_c77.vnnlib,31.934178,31.934184,5.7400,0.6300
sat_v40_c142.onnx,sat_v40_c142.vnnlib,50.637270,50.637270,4.9000,0.6700
sat_v44_c52.onnx,sat_v44_c52.vnnlib,26.614430,26.614432,4.9300,0.6300
sat_v46_c142.onnx,sat_v46_c142.vnnlib,51.395414,51.395415,5.7100,0.6500
sat_v51_c255.onnx,sat_v51_c255.vnnlib,81.183504,81.183512,4.8700,0.6700
sat_v54_c125.onnx,sat_v54_c125.vnnlib,48.257776,48.257776,5.7900,0.5900
sat_v56_c239.onnx,sat_v56_c239.vnnlib,78.454920,78.454935,4.8600,0.6400
sat_v58_c75.onnx,sat_v58_c75.vnnlib,36.473025,36.473025,5.0300,0.6600
sat_v63_c267.onnx,sat_v63_c267.vnnlib,89.798747,89.798763,4.8900,0.6700
sat_v63_c286.onnx,sat_v63_c286.vnnlib,94.920878,94.920886,4.8600,0.6400
sat_v64_c234.onnx,sat_v64_c234.vnnlib,81.037350,81.037357,4.8800,0.6600
sat_v65_c187.onnx,sat_v65_c187.vnnlib,67.641302,67.641295,6.0400,0.6400
sat_v67_c154.onnx,sat_v67_c154.vnnlib,60.226053,60.226050,4.9800,0.6500
sat_v6_c27.onnx,sat_v6_c27.vnnlib,10.175000,10.175000,4.8400,0.6300
sat_v70_c178.onnx,sat_v70_c178.vnnlib,68.079924,68.079920,4.8400,0.6800
sat_v73_c156.onnx,sat_v73_c156.vnnlib,62.373213,62.373221,5.6400,0.6700
sat_v75_c99.onnx,sat_v75_c99.vnnlib,47.540953,47.540959,4.9000,0.6100
sat_v82_c130.onnx,sat_v82_c130.vnnlib,56.854031,56.854027,5.8600,0.6900
sat_v83_c328.onnx,sat_v83_c328.vnnlib,109.534710,109.534710,4.8600,0.7300
sat_v85_c186.onnx,sat_v85_c186.vnnlib,72.817913,72.817921,4.8600,0.6700
sat_v85_c207.onnx,sat_v85_c207.vnnlib,78.178299,78.178299,5.3600,0.6800
sat_v87_c243.onnx,sat_v87_c243.vnnlib,88.445057,88.445065,5.7000,0.7300
sat_v90_c111.onnx,sat_v90_c111.vnnlib,53.859827,53.859829,5.5400,0.6600
sat_v90_c449.onnx,sat_v90_c449.vnnlib,143.648266,143.648289,4.8800,0.6700
sat_v91_c217.onnx,sat_v91_c217.vnnlib,82.543434,82.543446,4.9300,0.7000
sat_v92_c117.onnx,sat_v92_c117.vnnlib,56.985657,56.985649,5.5300,0.6700
sat_v92_c180.onnx,sat_v92_c180.vnnlib,72.826561,72.826580,5.6000,0.6700
sat_v94_c313.onnx,sat_v94_c313.vnnlib,108.664204,108.664212,4.8400,0.7600
sat_v94_c377.onnx,sat_v94_c377.vnnlib,127.980129,127.980137,5.3000,0.7300
sat_v95_c275.onnx,sat_v95_c275.vnnlib,98.595867,98.595867,5.5800,0.7000
sat_v99_c485.onnx,sat_v99_c485.vnnlib,156.016392,156.016392,5.6800,0.7500
sat_v9_c14.onnx,sat_v9_c14.vnnlib,7.391072,7.391072,5.2600,0.6400
sat_v9_c9.onnx,sat_v9_c9.vnnlib,5.515476,5.515476,4.8700,0.6300
unsat_v100_c373.onnx,unsat_v100_c373.vnnlib,139.096851,139.096859,4.8800,0.6900
unsat_v10_c26.onnx,unsat_v10_c26.vnnlib,9.751191,9.751190,4.9300,0.6400
unsat_v14_c57.onnx,unsat_v14_c57.vnnlib,20.639882,20.639881,4.9000,0.6300
unsat_v16_c39.onnx,unsat_v16_c39.vnnlib,14.963094,14.963097,4.8800,0.6500
unsat_v18_c88.onnx,unsat_v18_c88.vnnlib,28.671427,28.671428,4.8600,0.6300
unsat_v20_c40.onnx,unsat_v20_c40.vnnlib,16.938295,16.938294,4.8700,0.5900
unsat_v24_c66.onnx,unsat_v24_c66.vnnlib,24.819047,24.819051,4.9100,0.5900
unsat_v25_c40.onnx,unsat_v25_c40.vnnlib,18.629166,18.629168,5.8600,0.6400
unsat_v25_c45.onnx,unsat_v25_c45.vnnlib,19.647621,19.647623,4.8500,0.6300
unsat_v26_c84.onnx,unsat_v26_c84.vnnlib,29.986911,29.986907,4.8500,0.6700
unsat_v30_c38.onnx,unsat_v30_c38.vnnlib,18.373215,18.373217,5.0400,0.5800
unsat_v30_c44.onnx,unsat_v30_c44.vnnlib,20.101191,20.101193,4.9300,0.6300
unsat_v33_c140.onnx,unsat_v33_c140.vnnlib,48.871053,48.871049,4.8700,0.6500
unsat_v34_c98.onnx,unsat_v34_c98.vnnlib,37.072019,37.072028,4.8700,0.6300
unsat_v37_c63.onnx,unsat_v37_c63.vnnlib,26.918452,26.918454,4.8400,0.6300
unsat_v38_c132.onnx,unsat_v38_c132.vnnlib,46.764001,46.764001,4.8700,0.6300
unsat_v39_c77.onnx,unsat_v39_c77.vnnlib,32.447822,32.447821,5.0300,0.6000
unsat_v40_c142.onnx,unsat_v40_c142.vnnlib,51.624281,51.624281,5.6600,0.6000
unsat_v44_c52.onnx,unsat_v44_c52.vnnlib,26.582937,26.582939,5.4000,0.6000
unsat_v46_c142.onnx,unsat_v46_c142.vnnlib,53.033014,53.033011,4.8500,0.6700
unsat_v51_c255.onnx,unsat_v51_c255.vnnlib,85.279840,85.279840,5.4000,0.6700
unsat_v54_c125.onnx,unsat_v54_c125.vnnlib,51.808046,51.808050,4.9500,0.6800
unsat_v56_c239.onnx,unsat_v56_c239.vnnlib,83.841738,83.841730,5.5800,0.7000
unsat_v58_c75.onnx,unsat_v58_c75.vnnlib,36.858937,36.858933,4.8400,0.6700
unsat_v63_c267.onnx,unsat_v63_c267.vnnlib,94.642062,94.642077,5.1300,0.6600
unsat_v63_c286.onnx,unsat_v63_c286.vnnlib,99.861384,99.861384,5.6700,0.6500
unsat_v64_c234.onnx,unsat_v64_c234.vnnlib,88.052036,88.052052,4.8400,0.6900
unsat_v65_c187.onnx,unsat_v65_c187.vnnlib,73.334044,73.334055,5.0700,0.6600
unsat_v67_c154.onnx,unsat_v67_c154.vnnlib,64.300653,64.300665,6.0000,0.6600
unsat_v6_c30.onnx,unsat_v6_c30.vnnlib,9.875000,9.875000,4.8600,0.6300
unsat_v70_c178.onnx,unsat_v70_c178.vnnlib,70.839289,70.839281,5.6400,0.6100
unsat_v73_c156.onnx,unsat_v73_c156.vnnlib,65.783113,65.783113,4.8400,0.6600
unsat_v75_c99.onnx,unsat_v75_c99.vnnlib,47.949955,47.949945,4.8300,0.6800
unsat_v82_c130.onnx,unsat_v82_c130.vnnlib,58.663822,58.663822,4.8500,0.6500
unsat_v83_c328.onnx,unsat_v83_c328.vnnlib,117.679783,117.679776,5.7700,0.6500
unsat_v85_c186.onnx,unsat_v85_c186.vnnlib,77.403057,77.403049,4.8800,0.6800
unsat_v85_c207.onnx,unsat_v85_c207.vnnlib,86.531895,86.531903,4.8500,0.6600
unsat_v87_c243.onnx,unsat_v87_c243.vnnlib,92.964603,92.964611,4.8900,0.6800
unsat_v90_c111.onnx,unsat_v90_c111.vnnlib,54.692469,54.692461,4.8500,0.6500
unsat_v90_c449.onnx,unsat_v90_c449.vnnlib,156.233829,156.233814,5.7300,0.7000
unsat_v91_c217.onnx,unsat_v91_c217.vnnlib,89.750973,89.750980,5.3800,0.7000
unsat_v92_c117.onnx,unsat_v92_c117.vnnlib,55.986908,55.986916,4.8300,0.6700
unsat_v92_c180.onnx,unsat_v92_c180.vnnlib,76.053997,76.053997,4.9400,0.6800
unsat_v94_c313.onnx,unsat_v94_c313.vnnlib,118.084454,118.084462,4.8700,0.7100
unsat_v94_c377.onnx,unsat_v94_c377.vnnlib,135.976437,135.976414,4.9400,0.7000
unsat_v95_c275.onnx,unsat_v95_c275.vnnlib,104.982372,104.982365,4.9100,0.7300
unsat_v99_c485.onnx,unsat_v99_c485.vnnlib,168.336369,168.336308,4.9900,0.7300
unsat_v9_c14.onnx,unsat_v9_c14.vnnlib,6.266667,6.266667,4.8400,0.6600
unsat_v9_c9.onnx,unsat_v9_c9.vnnlib,4.900000,4.900000,5.5800,0.5900
