onnx_file,vnnlib_file,abcrown_bound_width,luna_bound_width,abcrown_runtime,luna_runtime
tllBench_n=2_N=M=16_m=1_instance_1_0.onnx,property_N=16_0.vnnlib,65.788264,67.899739,8.8600,9.6000
tllBench_n=2_N=M=16_m=1_instance_1_1.onnx,property_N=16_1.vnnlib,103.063869,110.832372,7.9000,3.4900
tllBench_n=2_N=M=16_m=1_instance_1_2.onnx,property_N=16_2.vnnlib,84.345431,90.150072,8.8900,4.4500
tllBench_n=2_N=M=16_m=1_instance_1_3.onnx,property_N=16_3.vnnlib,103.032719,113.548033,8.2300,3.6300
tllBench_n=2_N=M=24_m=1_instance_2_0.onnx,property_N=24_0.vnnlib,240.330982,247.521782,18.3900,12.9300
tllBench_n=2_N=M=24_m=1_instance_2_1.onnx,property_N=24_1.vnnlib,145.307413,165.421421,17.2900,10.5700
tllBench_n=2_N=M=24_m=1_instance_2_2.onnx,property_N=24_2.vnnlib,211.737820,210.189253,17.2300,19.6300
tllBench_n=2_N=M=24_m=1_instance_2_3.onnx,property_N=24_3.vnnlib,275.783783,319.576263,18.6700,8.6400
tllBench_n=2_N=M=32_m=1_instance_3_0.onnx,property_N=32_0.vnnlib,121.674788,151.348755,46.3800,17.1300
tllBench_n=2_N=M=32_m=1_instance_3_1.onnx,property_N=32_1.vnnlib,77.118321,77.880798,49.6700,28.5600
tllBench_n=2_N=M=32_m=1_instance_3_2.onnx,property_N=32_2.vnnlib,334.567154,333.489234,47.3700,20.6500
tllBench_n=2_N=M=32_m=1_instance_3_3.onnx,property_N=32_3.vnnlib,289.207424,323.247657,50.9700,15.1600
tllBench_n=2_N=M=40_m=1_instance_4_0.onnx,property_N=40_0.vnnlib,155.575935,184.856057,101.4300,37.5900
tllBench_n=2_N=M=40_m=1_instance_4_1.onnx,property_N=40_1.vnnlib,502.598351,535.005020,168.4900,38.1300
tllBench_n=2_N=M=40_m=1_instance_4_2.onnx,property_N=40_2.vnnlib,352.860909,351.195373,146.1500,39.7500
tllBench_n=2_N=M=40_m=1_instance_4_3.onnx,property_N=40_3.vnnlib,572.677750,903.627564,158.9800,43.0300
tllBench_n=2_N=M=48_m=1_instance_5_0.onnx,property_N=48_0.vnnlib,--,424.039108,301.2100,99.8100
tllBench_n=2_N=M=48_m=1_instance_5_1.onnx,property_N=48_1.vnnlib,--,509.744537,301.2600,65.7600
tllBench_n=2_N=M=48_m=1_instance_5_2.onnx,property_N=48_2.vnnlib,--,326.798156,301.2100,88.8300
tllBench_n=2_N=M=48_m=1_instance_5_3.onnx,property_N=48_3.vnnlib,--,363.315502,301.2200,89.0700
tllBench_n=2_N=M=56_m=1_instance_6_0.onnx,property_N=56_0.vnnlib,--,243.748123,301.2100,86.7400
tllBench_n=2_N=M=56_m=1_instance_6_1.onnx,property_N=56_1.vnnlib,--,676.432144,301.2200,89.7700
tllBench_n=2_N=M=56_m=1_instance_6_2.onnx,property_N=56_2.vnnlib,--,848.321625,301.2100,90.5400
tllBench_n=2_N=M=56_m=1_instance_6_3.onnx,property_N=56_3.vnnlib,--,377.342613,301.2300,101.7900
tllBench_n=2_N=M=64_m=1_instance_7_0.onnx,property_N=64_0.vnnlib,--,498.023048,301.2100,165.2900
tllBench_n=2_N=M=64_m=1_instance_7_1.onnx,property_N=64_1.vnnlib,--,661.516861,301.2400,193.6800
tllBench_n=2_N=M=64_m=1_instance_7_2.onnx,property_N=64_2.vnnlib,--,536.887203,301.2100,216.4500
tllBench_n=2_N=M=64_m=1_instance_7_3.onnx,property_N=64_3.vnnlib,--,627.042511,301.2200,205.5800
tllBench_n=2_N=M=8_m=1_instance_0_0.onnx,property_N=8_0.vnnlib,62.052505,64.214725,6.6300,1.5800
tllBench_n=2_N=M=8_m=1_instance_0_1.onnx,property_N=8_1.vnnlib,401.476494,400.714797,6.1900,1.8000
tllBench_n=2_N=M=8_m=1_instance_0_2.onnx,property_N=8_2.vnnlib,76.273390,76.574203,6.6600,1.7900
tllBench_n=2_N=M=8_m=1_instance_0_3.onnx,property_N=8_3.vnnlib,88.067286,94.179621,6.1800,1.4700
